driver_id,change_id,cause_id,group_id,contribution_amt,contribution_pct,direction,rank,inputs_json,data_source
SMPL001|202604|202605|structured_products|ONE_TIME|1,SMPL001|202604|202605|structured_products,ONE_TIME,structured_products,36600.0,141.36,UP,1,"{""file_keys"": [""twhs""], ""formula"": ""to_one_time - from_one_time"", ""from_one_time"": 0, ""from_txn_count"": 0, ""to_one_time"": 36600.0, ""to_txn_count"": 3}",REAL
SMPL001|202604|202605|alternative_investments|TIMING|1,SMPL001|202604|202605|alternative_investments,TIMING,alternative_investments,-7000.0,-27.04,DOWN,2,"{""billing_cycle"": ""quarterly"", ""formula"": ""to_revenue - from_revenue (quarterly billing falls in one month only)"", ""from_revenue"": 7000.0, ""to_revenue"": 0}",REAL
SMPL001|202604|202605|unified_managed_account|BASELINE_LIMITED|1,SMPL001|202604|202605|unified_managed_account,BASELINE_LIMITED,unified_managed_account,-1600.0,-6.18,DOWN,3,"{""accounts_present_only_in_from_month"": [""SMPLACCT-1110""], ""accounts_present_only_in_to_month"": [], ""formula"": ""sum(credited_amt of accounts present only in to-month) - sum(credited_amt of accounts present only in from-month); NEW_ACCOUNT/LOST_ACCOUNT are not computed out of the baseline month"", ""from_month_revenue_of_those_accounts"": 1600.0, ""reason"": ""first period in the loaded data \u2014 account-level attribution requires a prior period"", ""to_month_revenue_of_those_accounts"": 0}",DERIVED
SMPL001|202604|202605|unified_managed_account|BILLABLE_DAYS|2,SMPL001|202604|202605|unified_managed_account,BILLABLE_DAYS,unified_managed_account,-1131.82,-4.37,DOWN,4,"{""formula"": ""from_revenue * (to_billable_days - from_billable_days) / from_billable_days"", ""from_billable_days"": 22, ""from_revenue"": 24900.0, ""to_billable_days"": 21}",DERIVED
SMPL001|202604|202605|equities|VOLUME|1,SMPL001|202604|202605|equities,VOLUME,equities,-412.41,-1.59,DOWN,5,"{""formula"": ""(to_txn_count - from_txn_count) * from_avg_txn_value"", ""from_avg_txn_value"": 137.47, ""from_txn_count"": 8, ""to_txn_count"": 5}",REAL
SMPL001|202604|202605|jpmcap|BILLABLE_DAYS|1,SMPL001|202604|202605|jpmcap,BILLABLE_DAYS,jpmcap,-181.82,-0.7,DOWN,6,"{""formula"": ""from_revenue * (to_billable_days - from_billable_days) / from_billable_days"", ""from_billable_days"": 22, ""from_revenue"": 4000.0, ""to_billable_days"": 21}",DERIVED
SMPL001|202604|202605|mutual_fund_trails|CLAWBACK|1,SMPL001|202604|202605|mutual_fund_trails,CLAWBACK,mutual_fund_trails,-165.0,-0.64,DOWN,7,"{""formula"": ""to_negative_total - from_negative_total"", ""from_negative_rows"": 1, ""from_negative_total"": -130.0, ""to_negative_rows"": 2, ""to_negative_total"": -295.0}",REAL
SMPL001|202604|202605|advisory|BILLABLE_DAYS|1,SMPL001|202604|202605|advisory,BILLABLE_DAYS,advisory,-145.45,-0.56,DOWN,8,"{""formula"": ""from_revenue * (to_billable_days - from_billable_days) / from_billable_days"", ""from_billable_days"": 22, ""from_revenue"": 3200.0, ""to_billable_days"": 21}",DERIVED
SMPL001|202604|202605|mutual_fund_trails|BILLABLE_DAYS|2,SMPL001|202604|202605|mutual_fund_trails,BILLABLE_DAYS,mutual_fund_trails,-97.73,-0.38,DOWN,9,"{""formula"": ""from_revenue * (to_billable_days - from_billable_days) / from_billable_days"", ""from_billable_days"": 22, ""from_revenue"": 2150.0, ""to_billable_days"": 21}",DERIVED
SMPL001|202604|202605|mutual_fund_trails|MIX|3,SMPL001|202604|202605|mutual_fund_trails,MIX,mutual_fund_trails,97.73,0.38,UP,10,"{""change_amt"": -165.0, ""formula"": ""change_amt - sum(all attributed revenue drivers)"", ""sum_of_attributed_drivers"": -360.46}",DERIVED
SMPL001|202604|202605|equities|MIX|2,SMPL001|202604|202605|equities,MIX,equities,-72.65,-0.28,DOWN,11,"{""change_amt"": -485.06, ""formula"": ""change_amt - sum(all attributed revenue drivers)"", ""sum_of_attributed_drivers"": -339.76}",DERIVED
SMPL001|202604|202605|__TOTAL__|MARKET|1,SMPL001|202604|202605|__TOTAL__,MARKET,__TOTAL__,0.0,0.0,UP,12,"{""contribution"": 0.0, ""reason"": ""no index-return source""}",DUMMY
SMPL001|202604|202605|__TOTAL__|NET_FLOW|2,SMPL001|202604|202605|__TOTAL__,NET_FLOW,__TOTAL__,0.0,0.0,UP,13,"{""contribution"": 0.0, ""reason"": ""flows feed stops 2026-01-30""}",DUMMY
SMPL001|202605|202606|structured_products|ONE_TIME|1,SMPL001|202605|202606|structured_products,ONE_TIME,structured_products,-36600.0,102.03,DOWN,1,"{""file_keys"": [""twhs""], ""formula"": ""to_one_time - from_one_time"", ""from_one_time"": 36600.0, ""from_txn_count"": 3, ""to_one_time"": 0, ""to_txn_count"": 0}",REAL
SMPL001|202605|202606|alternative_investments|TIMING|1,SMPL001|202605|202606|alternative_investments,TIMING,alternative_investments,7000.0,-19.51,UP,2,"{""billing_cycle"": ""quarterly"", ""formula"": ""to_revenue - from_revenue (quarterly billing falls in one month only)"", ""from_revenue"": 0, ""to_revenue"": 7000.0}",REAL
SMPL001|202605|202606|unified_managed_account|ELIGIBILITY|1,SMPL001|202605|202606|unified_managed_account,ELIGIBILITY,unified_managed_account,-6290.0,17.53,DOWN,3,"{""formula"": ""-(to_non_credited - from_non_credited) \u2014 revenue moving to a non-credited reason code leaves credited revenue, and vice versa"", ""from_non_credited"": 0, ""from_txn_count"": 0, ""reason_codes"": [""9E""], ""to_non_credited"": 6290.0, ""to_txn_count"": 1}",REAL
SMPL001|202605|202606|unified_managed_account|LOST_ACCOUNT|2,SMPL001|202605|202606|unified_managed_account,LOST_ACCOUNT,unified_managed_account,-6128.18,17.08,DOWN,4,"{""accounts"": [""SMPLACCT-1104""], ""formula"": ""-(sum(credited_amt of accounts contributing last month but not this))"", ""from_month_revenue_of_lost_accounts"": 6128.18, ""txn_count"": 1}",REAL
SMPL001|202605|202606|unified_managed_account|NEW_ACCOUNT|3,SMPL001|202605|202606|unified_managed_account,NEW_ACCOUNT,unified_managed_account,4450.0,-12.4,UP,5,"{""accounts"": [""SMPLACCT-1109""], ""formula"": ""sum(credited_amt of accounts contributing this month but not last)"", ""to_month_revenue_of_new_accounts"": 4450.0, ""txn_count"": 1}",REAL
SMPL001|202605|202606|unified_managed_account|BILLABLE_DAYS|4,SMPL001|202605|202606|unified_managed_account,BILLABLE_DAYS,unified_managed_account,840.0,-2.34,UP,6,"{""formula"": ""from_revenue * (to_billable_days - from_billable_days) / from_billable_days"", ""from_billable_days"": 21, ""from_revenue"": 17640.0, ""to_billable_days"": 22}",DERIVED
SMPL001|202605|202606|equities|VOLUME|1,SMPL001|202605|202606|equities,VOLUME,equities,737.63,-2.06,UP,7,"{""formula"": ""(to_txn_count - from_txn_count) * from_avg_txn_value"", ""from_avg_txn_value"": 122.94, ""from_txn_count"": 5, ""to_txn_count"": 11}",REAL
SMPL001|202605|202606|mutual_fund_trails|CLAWBACK|1,SMPL001|202605|202606|mutual_fund_trails,CLAWBACK,mutual_fund_trails,-435.0,1.21,DOWN,8,"{""formula"": ""to_negative_total - from_negative_total"", ""from_negative_rows"": 2, ""from_negative_total"": -295.0, ""to_negative_rows"": 4, ""to_negative_total"": -730.0}",REAL
SMPL001|202605|202606|equities|MIX|2,SMPL001|202605|202606|equities,MIX,equities,224.82,-0.63,UP,9,"{""change_amt"": 962.45, ""formula"": ""change_amt - sum(all attributed revenue drivers)"", ""sum_of_attributed_drivers"": 512.81}",DERIVED
SMPL001|202605|202606|jpmcap|BILLABLE_DAYS|1,SMPL001|202605|202606|jpmcap,BILLABLE_DAYS,jpmcap,181.82,-0.51,UP,10,"{""formula"": ""from_revenue * (to_billable_days - from_billable_days) / from_billable_days"", ""from_billable_days"": 21, ""from_revenue"": 3818.18, ""to_billable_days"": 22}",DERIVED
SMPL001|202605|202606|advisory|BILLABLE_DAYS|1,SMPL001|202605|202606|advisory,BILLABLE_DAYS,advisory,145.45,-0.41,UP,11,"{""formula"": ""from_revenue * (to_billable_days - from_billable_days) / from_billable_days"", ""from_billable_days"": 21, ""from_revenue"": 3054.55, ""to_billable_days"": 22}",DERIVED
SMPL001|202605|202606|mutual_fund_trails|BILLABLE_DAYS|2,SMPL001|202605|202606|mutual_fund_trails,BILLABLE_DAYS,mutual_fund_trails,102.38,-0.29,UP,12,"{""formula"": ""from_revenue * (to_billable_days - from_billable_days) / from_billable_days"", ""from_billable_days"": 21, ""from_revenue"": 2150.0, ""to_billable_days"": 22}",DERIVED
SMPL001|202605|202606|mutual_fund_trails|MIX|3,SMPL001|202605|202606|mutual_fund_trails,MIX,mutual_fund_trails,-102.38,0.29,DOWN,13,"{""change_amt"": -435.0, ""formula"": ""change_amt - sum(all attributed revenue drivers)"", ""sum_of_attributed_drivers"": -230.24}",DERIVED
SMPL001|202605|202606|__TOTAL__|MARKET|1,SMPL001|202605|202606|__TOTAL__,MARKET,__TOTAL__,0.0,-0.0,UP,14,"{""contribution"": 0.0, ""reason"": ""no index-return source""}",DUMMY
SMPL001|202605|202606|__TOTAL__|NET_FLOW|2,SMPL001|202605|202606|__TOTAL__,NET_FLOW,__TOTAL__,0.0,-0.0,UP,15,"{""contribution"": 0.0, ""reason"": ""flows feed stops 2026-01-30""}",DUMMY
SMPL002|202604|202605|structured_products|ONE_TIME|1,SMPL002|202604|202605|structured_products,ONE_TIME,structured_products,41100.0,141.43,UP,1,"{""file_keys"": [""twhs""], ""formula"": ""to_one_time - from_one_time"", ""from_one_time"": 0, ""from_txn_count"": 0, ""to_one_time"": 41100.0, ""to_txn_count"": 3}",REAL
SMPL002|202604|202605|alternative_investments|TIMING|1,SMPL002|202604|202605|alternative_investments,TIMING,alternative_investments,-7800.0,-26.84,DOWN,2,"{""billing_cycle"": ""quarterly"", ""formula"": ""to_revenue - from_revenue (quarterly billing falls in one month only)"", ""from_revenue"": 7800.0, ""to_revenue"": 0}",REAL
SMPL002|202604|202605|unified_managed_account|MIX|1,SMPL002|202604|202605|unified_managed_account,MIX,unified_managed_account,-1909.1,-6.57,DOWN,3,"{""change_amt"": -3259.1, ""formula"": ""change_amt - sum(all attributed revenue drivers)"", ""sum_of_attributed_drivers"": 559.1}",DERIVED
SMPL002|202604|202605|unified_managed_account|BILLABLE_DAYS|2,SMPL002|202604|202605|unified_managed_account,BILLABLE_DAYS,unified_managed_account,-1350.0,-4.65,DOWN,4,"{""formula"": ""from_revenue * (to_billable_days - from_billable_days) / from_billable_days"", ""from_billable_days"": 22, ""from_revenue"": 29700.0, ""to_billable_days"": 21}",DERIVED
SMPL002|202604|202605|equities|VOLUME|1,SMPL002|202604|202605|equities,VOLUME,equities,-415.87,-1.43,DOWN,5,"{""formula"": ""(to_txn_count - from_txn_count) * from_avg_txn_value"", ""from_avg_txn_value"": 138.62, ""from_txn_count"": 10, ""to_txn_count"": 7}",REAL
SMPL002|202604|202605|mutual_fund_trails|CLAWBACK|1,SMPL002|202604|202605|mutual_fund_trails,CLAWBACK,mutual_fund_trails,-210.0,-0.72,DOWN,6,"{""formula"": ""to_negative_total - from_negative_total"", ""from_negative_rows"": 2, ""from_negative_total"": -315.0, ""to_negative_rows"": 3, ""to_negative_total"": -525.0}",REAL
SMPL002|202604|202605|jpmcap|BILLABLE_DAYS|1,SMPL002|202604|202605|jpmcap,BILLABLE_DAYS,jpmcap,-200.0,-0.69,DOWN,7,"{""formula"": ""from_revenue * (to_billable_days - from_billable_days) / from_billable_days"", ""from_billable_days"": 22, ""from_revenue"": 4400.0, ""to_billable_days"": 21}",DERIVED
SMPL002|202604|202605|advisory|BILLABLE_DAYS|1,SMPL002|202604|202605|advisory,BILLABLE_DAYS,advisory,-159.09,-0.55,DOWN,8,"{""formula"": ""from_revenue * (to_billable_days - from_billable_days) / from_billable_days"", ""from_billable_days"": 22, ""from_revenue"": 3500.0, ""to_billable_days"": 21}",DERIVED
SMPL002|202604|202605|mutual_fund_trails|BILLABLE_DAYS|2,SMPL002|202604|202605|mutual_fund_trails,BILLABLE_DAYS,mutual_fund_trails,-109.09,-0.38,DOWN,9,"{""formula"": ""from_revenue * (to_billable_days - from_billable_days) / from_billable_days"", ""from_billable_days"": 22, ""from_revenue"": 2400.0, ""to_billable_days"": 21}",DERIVED
SMPL002|202604|202605|mutual_fund_trails|MIX|3,SMPL002|202604|202605|mutual_fund_trails,MIX,mutual_fund_trails,109.09,0.38,UP,10,"{""change_amt"": -210.0, ""formula"": ""change_amt - sum(all attributed revenue drivers)"", ""sum_of_attributed_drivers"": -428.18}",DERIVED
SMPL002|202604|202605|equities|MIX|2,SMPL002|202604|202605|equities,MIX,equities,5.23,0.02,UP,11,"{""change_amt"": -410.64, ""formula"": ""change_amt - sum(all attributed revenue drivers)"", ""sum_of_attributed_drivers"": -421.1}",DERIVED
SMPL002|202604|202605|__TOTAL__|MARKET|1,SMPL002|202604|202605|__TOTAL__,MARKET,__TOTAL__,0.0,0.0,UP,12,"{""contribution"": 0.0, ""reason"": ""no index-return source""}",DUMMY
SMPL002|202604|202605|__TOTAL__|NET_FLOW|2,SMPL002|202604|202605|__TOTAL__,NET_FLOW,__TOTAL__,0.0,0.0,UP,13,"{""contribution"": 0.0, ""reason"": ""flows feed stops 2026-01-30""}",DUMMY
SMPL002|202605|202606|structured_products|ONE_TIME|1,SMPL002|202605|202606|structured_products,ONE_TIME,structured_products,-41100.0,127.83,DOWN,1,"{""file_keys"": [""twhs""], ""formula"": ""to_one_time - from_one_time"", ""from_one_time"": 41100.0, ""from_txn_count"": 3, ""to_one_time"": 0, ""to_txn_count"": 0}",REAL
SMPL002|202605|202606|alternative_investments|TIMING|1,SMPL002|202605|202606|alternative_investments,TIMING,alternative_investments,7800.0,-24.26,UP,2,"{""billing_cycle"": ""quarterly"", ""formula"": ""to_revenue - from_revenue (quarterly billing falls in one month only)"", ""from_revenue"": 0, ""to_revenue"": 7800.0}",REAL
SMPL002|202605|202606|unified_managed_account|LOST_ACCOUNT|1,SMPL002|202605|202606|unified_managed_account,LOST_ACCOUNT,unified_managed_account,-6796.36,21.14,DOWN,3,"{""accounts"": [""SMPLACCT-2104""], ""formula"": ""-(sum(credited_amt of accounts contributing last month but not this))"", ""from_month_revenue_of_lost_accounts"": 6796.36, ""txn_count"": 1}",REAL
SMPL002|202605|202606|unified_managed_account|NEW_ACCOUNT|2,SMPL002|202605|202606|unified_managed_account,NEW_ACCOUNT,unified_managed_account,4800.0,-14.93,UP,4,"{""accounts"": [""SMPLACCT-2109""], ""formula"": ""sum(credited_amt of accounts contributing this month but not last)"", ""to_month_revenue_of_new_accounts"": 4800.0, ""txn_count"": 1}",REAL
SMPL002|202605|202606|unified_managed_account|FEE_RATE|3,SMPL002|202605|202606|unified_managed_account,FEE_RATE,unified_managed_account,1437.41,-4.47,UP,5,"{""assets_proxy"": 2395675.61, ""formula"": ""assets_proxy * (to_avg_rate_bps - from_avg_rate_bps) / 10000; assets_proxy = from_revenue / (from_avg_rate_bps/10000)"", ""from_avg_rate_bps"": 82.0, ""from_revenue"": 19644.54, ""to_avg_rate_bps"": 88.0}",REAL
SMPL002|202605|202606|unified_managed_account|BILLABLE_DAYS|4,SMPL002|202605|202606|unified_managed_account,BILLABLE_DAYS,unified_managed_account,935.45,-2.91,UP,6,"{""formula"": ""from_revenue * (to_billable_days - from_billable_days) / from_billable_days"", ""from_billable_days"": 21, ""from_revenue"": 19644.54, ""to_billable_days"": 22}",DERIVED
SMPL002|202605|202606|equities|VOLUME|1,SMPL002|202605|202606|equities,VOLUME,equities,836.22,-2.6,UP,7,"{""formula"": ""(to_txn_count - from_txn_count) * from_avg_txn_value"", ""from_avg_txn_value"": 139.37, ""from_txn_count"": 7, ""to_txn_count"": 13}",REAL
SMPL002|202605|202606|mutual_fund_trails|CLAWBACK|1,SMPL002|202605|202606|mutual_fund_trails,CLAWBACK,mutual_fund_trails,-525.0,1.63,DOWN,8,"{""formula"": ""to_negative_total - from_negative_total"", ""from_negative_rows"": 3, ""from_negative_total"": -525.0, ""to_negative_rows"": 5, ""to_negative_total"": -1050.0}",REAL
SMPL002|202605|202606|jpmcap|BILLABLE_DAYS|1,SMPL002|202605|202606|jpmcap,BILLABLE_DAYS,jpmcap,200.0,-0.62,UP,9,"{""formula"": ""from_revenue * (to_billable_days - from_billable_days) / from_billable_days"", ""from_billable_days"": 21, ""from_revenue"": 4200.0, ""to_billable_days"": 22}",DERIVED
SMPL002|202605|202606|advisory|BILLABLE_DAYS|1,SMPL002|202605|202606|advisory,BILLABLE_DAYS,advisory,159.09,-0.49,UP,10,"{""formula"": ""from_revenue * (to_billable_days - from_billable_days) / from_billable_days"", ""from_billable_days"": 21, ""from_revenue"": 3340.91, ""to_billable_days"": 22}",DERIVED
SMPL002|202605|202606|mutual_fund_trails|BILLABLE_DAYS|2,SMPL002|202605|202606|mutual_fund_trails,BILLABLE_DAYS,mutual_fund_trails,114.29,-0.36,UP,11,"{""formula"": ""from_revenue * (to_billable_days - from_billable_days) / from_billable_days"", ""from_billable_days"": 21, ""from_revenue"": 2400.0, ""to_billable_days"": 22}",DERIVED
SMPL002|202605|202606|mutual_fund_trails|MIX|3,SMPL002|202605|202606|mutual_fund_trails,MIX,mutual_fund_trails,-114.29,0.36,DOWN,12,"{""change_amt"": -525.0, ""formula"": ""change_amt - sum(all attributed revenue drivers)"", ""sum_of_attributed_drivers"": -296.42}",DERIVED
SMPL002|202605|202606|unified_managed_account|MIX|5,SMPL002|202605|202606|unified_managed_account,MIX,unified_managed_account,68.45,-0.21,UP,13,"{""change_amt"": 444.95, ""formula"": ""change_amt - sum(all attributed revenue drivers)"", ""sum_of_attributed_drivers"": 308.05}",DERIVED
SMPL002|202605|202606|equities|MIX|2,SMPL002|202605|202606|equities,MIX,equities,32.6,-0.1,UP,14,"{""change_amt"": 868.82, ""formula"": ""change_amt - sum(all attributed revenue drivers)"", ""sum_of_attributed_drivers"": 803.62}",DERIVED
SMPL002|202605|202606|__TOTAL__|MARKET|1,SMPL002|202605|202606|__TOTAL__,MARKET,__TOTAL__,0.0,-0.0,UP,15,"{""contribution"": 0.0, ""reason"": ""no index-return source""}",DUMMY
SMPL002|202605|202606|__TOTAL__|NET_FLOW|2,SMPL002|202605|202606|__TOTAL__,NET_FLOW,__TOTAL__,0.0,-0.0,UP,16,"{""contribution"": 0.0, ""reason"": ""flows feed stops 2026-01-30""}",DUMMY
SMPL003|202604|202605|structured_products|ONE_TIME|1,SMPL003|202604|202605|structured_products,ONE_TIME,structured_products,45600.0,180.85,UP,1,"{""file_keys"": [""twhs""], ""formula"": ""to_one_time - from_one_time"", ""from_one_time"": 0, ""from_txn_count"": 0, ""to_one_time"": 45600.0, ""to_txn_count"": 3}",REAL
SMPL003|202604|202605|alternative_investments|TIMING|1,SMPL003|202604|202605|alternative_investments,TIMING,alternative_investments,-8600.0,-34.11,DOWN,2,"{""billing_cycle"": ""quarterly"", ""formula"": ""to_revenue - from_revenue (quarterly billing falls in one month only)"", ""from_revenue"": 8600.0, ""to_revenue"": 0}",REAL
SMPL003|202604|202605|annuities|ONE_TIME|1,SMPL003|202604|202605|annuities,ONE_TIME,annuities,-7400.0,-29.35,DOWN,3,"{""file_keys"": [""l_a_ancomm""], ""formula"": ""to_one_time - from_one_time"", ""from_one_time"": 7400.0, ""from_txn_count"": 1, ""to_one_time"": 0, ""to_txn_count"": 0}",REAL
SMPL003|202604|202605|unified_managed_account|BASELINE_LIMITED|1,SMPL003|202604|202605|unified_managed_account,BASELINE_LIMITED,unified_managed_account,-2400.0,-9.52,DOWN,4,"{""accounts_present_only_in_from_month"": [""SMPLACCT-3110""], ""accounts_present_only_in_to_month"": [], ""formula"": ""sum(credited_amt of accounts present only in to-month) - sum(credited_amt of accounts present only in from-month); NEW_ACCOUNT/LOST_ACCOUNT are not computed out of the baseline month"", ""from_month_revenue_of_those_accounts"": 2400.0, ""reason"": ""first period in the loaded data \u2014 account-level attribution requires a prior period"", ""to_month_revenue_of_those_accounts"": 0}",DERIVED
SMPL003|202604|202605|unified_managed_account|BILLABLE_DAYS|2,SMPL003|202604|202605|unified_managed_account,BILLABLE_DAYS,unified_managed_account,-1386.36,-5.5,DOWN,5,"{""formula"": ""from_revenue * (to_billable_days - from_billable_days) / from_billable_days"", ""from_billable_days"": 22, ""from_revenue"": 30500.0, ""to_billable_days"": 21}",DERIVED
SMPL003|202604|202605|unified_managed_account|LATE_PROCESSING|3,SMPL003|202604|202605|unified_managed_account,LATE_PROCESSING,unified_managed_account,900.0,3.57,UP,6,"{""days_to_process_seen"": [100], ""formula"": ""-(to_late_excluded - from_late_excluded) \u2014 revenue processed more than 90 days after the trade leaves credited revenue, and vice versa"", ""from_late_excluded"": 900.0, ""from_txn_count"": 1, ""processing_days_limit"": 90, ""to_late_excluded"": 0, ""to_txn_count"": 0}",REAL
SMPL003|202604|202605|mutual_fund_trails|EXCLUDED_CHANGE|1,SMPL003|202604|202605|mutual_fund_trails,EXCLUDED_CHANGE,mutual_fund_trails,-500.0,-1.98,DOWN,7,"{""formula"": ""-(to_excluded - from_excluded) \u2014 a booking moving to an excluded reason code (e.g. deleted) leaves credited revenue, and vice versa"", ""from_excluded"": 0, ""from_txn_count"": 0, ""reason_codes"": [""9X""], ""to_excluded"": 500.0, ""to_txn_count"": 1}",REAL
SMPL003|202604|202605|equities|VOLUME|1,SMPL003|202604|202605|equities,VOLUME,equities,-417.42,-1.66,DOWN,8,"{""formula"": ""(to_txn_count - from_txn_count) * from_avg_txn_value"", ""from_avg_txn_value"": 139.14, ""from_txn_count"": 12, ""to_txn_count"": 9}",REAL
SMPL003|202604|202605|mutual_fund_trails|CLAWBACK|2,SMPL003|202604|202605|mutual_fund_trails,CLAWBACK,mutual_fund_trails,-255.0,-1.01,DOWN,9,"{""formula"": ""to_negative_total - from_negative_total"", ""from_negative_rows"": 3, ""from_negative_total"": -555.0, ""to_negative_rows"": 4, ""to_negative_total"": -810.0}",REAL
SMPL003|202604|202605|jpmcap|BILLABLE_DAYS|1,SMPL003|202604|202605|jpmcap,BILLABLE_DAYS,jpmcap,-218.18,-0.87,DOWN,10,"{""formula"": ""from_revenue * (to_billable_days - from_billable_days) / from_billable_days"", ""from_billable_days"": 22, ""from_revenue"": 4800.0, ""to_billable_days"": 21}",DERIVED
SMPL003|202604|202605|advisory|BILLABLE_DAYS|1,SMPL003|202604|202605|advisory,BILLABLE_DAYS,advisory,-172.73,-0.69,DOWN,11,"{""formula"": ""from_revenue * (to_billable_days - from_billable_days) / from_billable_days"", ""from_billable_days"": 22, ""from_revenue"": 3800.0, ""to_billable_days"": 21}",DERIVED
SMPL003|202604|202605|mutual_fund_trails|BILLABLE_DAYS|3,SMPL003|202604|202605|mutual_fund_trails,BILLABLE_DAYS,mutual_fund_trails,-143.18,-0.57,DOWN,12,"{""formula"": ""from_revenue * (to_billable_days - from_billable_days) / from_billable_days"", ""from_billable_days"": 22, ""from_revenue"": 3150.0, ""to_billable_days"": 21}",DERIVED
SMPL003|202604|202605|mutual_fund_trails|MIX|4,SMPL003|202604|202605|mutual_fund_trails,MIX,mutual_fund_trails,143.18,0.57,UP,13,"{""change_amt"": -755.0, ""formula"": ""change_amt - sum(all attributed revenue drivers)"", ""sum_of_attributed_drivers"": -1041.36}",DERIVED
SMPL003|202604|202605|equities|MIX|2,SMPL003|202604|202605|equities,MIX,equities,64.54,0.26,UP,14,"{""change_amt"": -352.88, ""formula"": ""change_amt - sum(all attributed revenue drivers)"", ""sum_of_attributed_drivers"": -481.96}",DERIVED
SMPL003|202604|202605|unified_managed_account|MIX|4,SMPL003|202604|202605|unified_managed_account,MIX,unified_managed_account,-0.01,-0.0,DOWN,15,"{""change_amt"": -2886.37, ""formula"": ""change_amt - sum(all attributed revenue drivers)"", ""sum_of_attributed_drivers"": -2886.35}",DERIVED
SMPL003|202604|202605|__TOTAL__|MARKET|1,SMPL003|202604|202605|__TOTAL__,MARKET,__TOTAL__,0.0,0.0,UP,16,"{""contribution"": 0.0, ""reason"": ""no index-return source""}",DUMMY
SMPL003|202604|202605|__TOTAL__|NET_FLOW|2,SMPL003|202604|202605|__TOTAL__,NET_FLOW,__TOTAL__,0.0,0.0,UP,17,"{""contribution"": 0.0, ""reason"": ""flows feed stops 2026-01-30""}",DUMMY
SMPL003|202605|202606|structured_products|ONE_TIME|1,SMPL003|202605|202606|structured_products,ONE_TIME,structured_products,-45600.0,115.25,DOWN,1,"{""file_keys"": [""twhs""], ""formula"": ""to_one_time - from_one_time"", ""from_one_time"": 45600.0, ""from_txn_count"": 3, ""to_one_time"": 0, ""to_txn_count"": 0}",REAL
SMPL003|202605|202606|alternative_investments|TIMING|1,SMPL003|202605|202606|alternative_investments,TIMING,alternative_investments,8600.0,-21.73,UP,2,"{""billing_cycle"": ""quarterly"", ""formula"": ""to_revenue - from_revenue (quarterly billing falls in one month only)"", ""from_revenue"": 0, ""to_revenue"": 8600.0}",REAL
SMPL003|202605|202606|unified_managed_account|LOST_ACCOUNT|1,SMPL003|202605|202606|unified_managed_account,LOST_ACCOUNT,unified_managed_account,-7464.55,18.87,DOWN,3,"{""accounts"": [""SMPLACCT-3104""], ""formula"": ""-(sum(credited_amt of accounts contributing last month but not this))"", ""from_month_revenue_of_lost_accounts"": 7464.55, ""txn_count"": 1}",REAL
SMPL003|202605|202606|unified_managed_account|NEW_ACCOUNT|2,SMPL003|202605|202606|unified_managed_account,NEW_ACCOUNT,unified_managed_account,5150.0,-13.02,UP,4,"{""accounts"": [""SMPLACCT-3109""], ""formula"": ""sum(credited_amt of accounts contributing this month but not last)"", ""to_month_revenue_of_new_accounts"": 5150.0, ""txn_count"": 1}",REAL
SMPL003|202605|202606|unified_managed_account|DISCOUNT|3,SMPL003|202605|202606|unified_managed_account,DISCOUNT,unified_managed_account,-1798.8,4.55,DOWN,5,"{""formula"": ""from_discount_total - to_discount_total (growth in discounting reduces revenue)"", ""from_discount_rows"": 0, ""from_discount_total"": 0.0, ""to_discount_rows"": 2, ""to_discount_total"": 1798.8}",REAL
SMPL003|202605|202606|unified_managed_account|BILLABLE_DAYS|4,SMPL003|202605|202606|unified_managed_account,BILLABLE_DAYS,unified_managed_account,1073.77,-2.71,UP,6,"{""formula"": ""from_revenue * (to_billable_days - from_billable_days) / from_billable_days"", ""from_billable_days"": 21, ""from_revenue"": 22549.08, ""to_billable_days"": 22}",DERIVED
SMPL003|202605|202606|equities|VOLUME|1,SMPL003|202605|202606|equities,VOLUME,equities,877.86,-2.22,UP,7,"{""formula"": ""(to_txn_count - from_txn_count) * from_avg_txn_value"", ""from_avg_txn_value"": 146.31, ""from_txn_count"": 9, ""to_txn_count"": 15}",REAL
SMPL003|202605|202606|mutual_fund_trails|CLAWBACK|1,SMPL003|202605|202606|mutual_fund_trails,CLAWBACK,mutual_fund_trails,-615.0,1.55,DOWN,8,"{""formula"": ""to_negative_total - from_negative_total"", ""from_negative_rows"": 4, ""from_negative_total"": -810.0, ""to_negative_rows"": 6, ""to_negative_total"": -1425.0}",REAL
SMPL003|202605|202606|jpmcap|BILLABLE_DAYS|1,SMPL003|202605|202606|jpmcap,BILLABLE_DAYS,jpmcap,218.18,-0.55,UP,9,"{""formula"": ""from_revenue * (to_billable_days - from_billable_days) / from_billable_days"", ""from_billable_days"": 21, ""from_revenue"": 4581.82, ""to_billable_days"": 22}",DERIVED
SMPL003|202605|202606|advisory|BILLABLE_DAYS|1,SMPL003|202605|202606|advisory,BILLABLE_DAYS,advisory,172.73,-0.44,UP,10,"{""formula"": ""from_revenue * (to_billable_days - from_billable_days) / from_billable_days"", ""from_billable_days"": 21, ""from_revenue"": 3627.27, ""to_billable_days"": 22}",DERIVED
SMPL003|202605|202606|equities|MIX|2,SMPL003|202605|202606|equities,MIX,equities,-138.97,0.35,DOWN,11,"{""change_amt"": 738.89, ""formula"": ""change_amt - sum(all attributed revenue drivers)"", ""sum_of_attributed_drivers"": 1016.83}",DERIVED
SMPL003|202605|202606|mutual_fund_trails|BILLABLE_DAYS|2,SMPL003|202605|202606|mutual_fund_trails,BILLABLE_DAYS,mutual_fund_trails,126.19,-0.32,UP,12,"{""formula"": ""from_revenue * (to_billable_days - from_billable_days) / from_billable_days"", ""from_billable_days"": 21, ""from_revenue"": 2650.0, ""to_billable_days"": 22}",DERIVED
SMPL003|202605|202606|mutual_fund_trails|MIX|3,SMPL003|202605|202606|mutual_fund_trails,MIX,mutual_fund_trails,-126.19,0.32,DOWN,13,"{""change_amt"": -615.0, ""formula"": ""change_amt - sum(all attributed revenue drivers)"", ""sum_of_attributed_drivers"": -362.62}",DERIVED
SMPL003|202605|202606|unified_managed_account|MIX|5,SMPL003|202605|202606|unified_managed_account,MIX,unified_managed_account,-42.85,0.11,DOWN,14,"{""change_amt"": -3082.43, ""formula"": ""change_amt - sum(all attributed revenue drivers)"", ""sum_of_attributed_drivers"": -2996.73}",DERIVED
SMPL003|202605|202606|__TOTAL__|MARKET|1,SMPL003|202605|202606|__TOTAL__,MARKET,__TOTAL__,0.0,-0.0,UP,15,"{""contribution"": 0.0, ""reason"": ""no index-return source""}",DUMMY
SMPL003|202605|202606|__TOTAL__|NET_FLOW|2,SMPL003|202605|202606|__TOTAL__,NET_FLOW,__TOTAL__,0.0,-0.0,UP,16,"{""contribution"": 0.0, ""reason"": ""flows feed stops 2026-01-30""}",DUMMY
