txn_id,trade_ref_no,split_seq_no,advisor_sid,month_id,product_id,account_no,trade_dt,proc_dt,credited_amt,pre_split_amt,split_pct,client_rate_bps,std_tier_rate,concession_type,discount_amt,eff_disc_pct,avg_balance_amt,file_key,trade_description,rev_nature,data_source
SMPLTRD00001|1,SMPLTRD00001,1,SMPL001,202604,UMA|FEE,SMPLACCT-1101,2026-04-28 00:00:00,2026-04-28 00:00:00,6030.0,6030.0,1.0,82.0,82.0,None,0.0,0.0,0.0,ace,MONTH M04-2026,RECURRING,REAL
SMPLTRD00002|1,SMPLTRD00002,1,SMPL001,202604,UMA|FEE,SMPLACCT-1102,2026-04-28 00:00:00,2026-04-28 00:00:00,6160.0,6160.0,1.0,82.0,82.0,None,0.0,0.0,0.0,ace,MONTH M04-2026,RECURRING,REAL
SMPLTRD00003|1,SMPLTRD00003,1,SMPL001,202604,UMA|FEE,SMPLACCT-1103,2026-04-28 00:00:00,2026-04-28 00:00:00,6290.0,6290.0,1.0,82.0,82.0,None,0.0,0.0,0.0,ace,MONTH M04-2026,RECURRING,REAL
SMPLTRD00004|1,SMPLTRD00004,1,SMPL001,202604,UMA|FEE,SMPLACCT-1104,2026-04-28 00:00:00,2026-04-28 00:00:00,6420.0,6420.0,1.0,82.0,82.0,None,0.0,0.0,0.0,ace,MONTH M04-2026,RECURRING,REAL
SMPLTRD00005|1,SMPLTRD00005,1,SMPL001,202604,JPMCAP|FEE,SMPLACCT-1105,2026-04-27 00:00:00,2026-04-28 00:00:00,4000.0,4000.0,1.0,65.0,65.0,None,0.0,0.0,0.0,ace,MONTH M04-2026,RECURRING,REAL
SMPLTRD00006|1,SMPLTRD00006,1,SMPL001,202604,ADV|FEE,SMPLACCT-1106,2026-04-27 00:00:00,2026-04-28 00:00:00,3200.0,3200.0,1.0,58.0,58.0,None,0.0,0.0,0.0,ace,MONTH M04-2026,RECURRING,REAL
SMPLTRD00007|1,SMPLTRD00007,1,SMPL001,202604,MFT|12B1,SMPLACCT-1107,2026-04-25 00:00:00,2026-04-26 00:00:00,2150,2150.0,1.0,25.0,25.0,None,0.0,0.0,0.0,mf_12b1,MONTH M04-2026,RECURRING,REAL
SMPLTRD00008|1,SMPLTRD00008,1,SMPL001,202604,MFT|12B1,SMPLACCT-1107,2026-04-26 00:00:00,2026-04-27 00:00:00,-130,-130.0,1.0,25.0,25.0,None,0.0,0.0,0.0,mf_12b1,MONTH M04-2026 REVERSAL,RECURRING,REAL
SMPLTRD00009|1,SMPLTRD00009,1,SMPL001,202604,ALTS|QFEE,SMPLACCT-1102,2026-04-15 00:00:00,2026-04-16 00:00:00,7000,7000.0,1.0,120.0,120.0,None,0.0,0.0,0.0,ace,QUARTERLY BILLING M04-2026,RECURRING,REAL
SMPLTRD00010|1,SMPLTRD00010,1,SMPL001,202604,EQ|COMM,SMPLACCT-1106,2026-04-03 00:00:00,2026-04-04 00:00:00,122.22,122.22,1.0,0.0,0.0,None,0.0,0.0,0.0,ace,EQUITY TRADE COMMISSION,RECURRING,REAL
SMPLTRD00011|1,SMPLTRD00011,1,SMPL001,202604,EQ|COMM,SMPLACCT-1107,2026-04-05 00:00:00,2026-04-06 00:00:00,163.86,163.86,1.0,0.0,0.0,None,0.0,0.0,0.0,ace,EQUITY TRADE COMMISSION,RECURRING,REAL
SMPLTRD00012|1,SMPLTRD00012,1,SMPL001,202604,EQ|COMM,SMPLACCT-1108,2026-04-07 00:00:00,2026-04-08 00:00:00,130.24,130.24,1.0,0.0,0.0,None,0.0,0.0,0.0,ace,EQUITY TRADE COMMISSION,RECURRING,REAL
SMPLTRD00013|1,SMPLTRD00013,1,SMPL001,202604,EQ|COMM,SMPLACCT-1106,2026-04-09 00:00:00,2026-04-10 00:00:00,129.78,129.78,1.0,0.0,0.0,None,0.0,0.0,0.0,ace,EQUITY TRADE COMMISSION,RECURRING,REAL
SMPLTRD00014|1,SMPLTRD00014,1,SMPL001,202604,EQ|COMM,SMPLACCT-1107,2026-04-11 00:00:00,2026-04-12 00:00:00,151.07,151.07,1.0,0.0,0.0,None,0.0,0.0,0.0,ace,EQUITY TRADE COMMISSION,RECURRING,REAL
SMPLTRD00015|1,SMPLTRD00015,1,SMPL001,202604,EQ|COMM,SMPLACCT-1108,2026-04-13 00:00:00,2026-04-14 00:00:00,144.67,144.67,1.0,0.0,0.0,None,0.0,0.0,0.0,ace,EQUITY TRADE COMMISSION,RECURRING,REAL
SMPLTRD00016|1,SMPLTRD00016,1,SMPL001,202604,EQ|COMM,SMPLACCT-1106,2026-04-15 00:00:00,2026-04-16 00:00:00,119.22,119.22,1.0,0.0,0.0,None,0.0,0.0,0.0,ace,EQUITY TRADE COMMISSION,RECURRING,REAL
SMPLTRD00017|1,SMPLTRD00017,1,SMPL001,202604,EQ|COMM,SMPLACCT-1107,2026-04-17 00:00:00,2026-04-18 00:00:00,138.69,138.69,1.0,0.0,0.0,None,0.0,0.0,0.0,ace,EQUITY TRADE COMMISSION,RECURRING,REAL
SMPLTRD00018|1,SMPLTRD00018,1,SMPL001,202604,CASH|SWP,SMPLACCT-1108,2026-04-24 00:00:00,2026-04-25 00:00:00,1600,1600.0,1.0,18.0,18.0,None,0.0,0.0,1070000,money_mkt,MONTH M04-2026,RECURRING,REAL
SMPLTRD00019|1,SMPLTRD00019,1,SMPL001,202605,UMA|FEE,SMPLACCT-1101,2026-05-28 00:00:00,2026-05-28 00:00:00,5755.91,5755.91,1.0,82.0,82.0,None,0.0,0.0,0.0,ace,MONTH M05-2026,RECURRING,REAL
SMPLTRD00020|1,SMPLTRD00020,1,SMPL001,202605,UMA|FEE,SMPLACCT-1102,2026-05-28 00:00:00,2026-05-28 00:00:00,5880.0,5880.0,1.0,82.0,82.0,None,0.0,0.0,0.0,ace,MONTH M05-2026,RECURRING,REAL
SMPLTRD00021|1,SMPLTRD00021,1,SMPL001,202605,UMA|FEE,SMPLACCT-1103,2026-05-28 00:00:00,2026-05-28 00:00:00,6004.09,6004.09,1.0,82.0,82.0,None,0.0,0.0,0.0,ace,MONTH M05-2026,RECURRING,REAL
SMPLTRD00022|1,SMPLTRD00022,1,SMPL001,202605,JPMCAP|FEE,SMPLACCT-1105,2026-05-27 00:00:00,2026-05-28 00:00:00,3818.18,3818.18,1.0,65.0,65.0,None,0.0,0.0,0.0,ace,MONTH M05-2026,RECURRING,REAL
SMPLTRD00023|1,SMPLTRD00023,1,SMPL001,202605,ADV|FEE,SMPLACCT-1106,2026-05-27 00:00:00,2026-05-28 00:00:00,3054.55,3054.55,1.0,58.0,58.0,None,0.0,0.0,0.0,ace,MONTH M05-2026,RECURRING,REAL
SMPLTRD00024|1,SMPLTRD00024,1,SMPL001,202605,MFT|12B1,SMPLACCT-1107,2026-05-25 00:00:00,2026-05-26 00:00:00,2150,2150.0,1.0,25.0,25.0,None,0.0,0.0,0.0,mf_12b1,MONTH M05-2026,RECURRING,REAL
SMPLTRD00025|1,SMPLTRD00025,1,SMPL001,202605,MFT|12B1,SMPLACCT-1107,2026-05-26 00:00:00,2026-05-27 00:00:00,-130,-130.0,1.0,25.0,25.0,None,0.0,0.0,0.0,mf_12b1,MONTH M05-2026 REVERSAL,RECURRING,REAL
SMPLTRD00026|1,SMPLTRD00026,1,SMPL001,202605,MFT|12B1,SMPLACCT-1107,2026-05-26 00:00:00,2026-05-27 00:00:00,-165,-165.0,1.0,25.0,25.0,None,0.0,0.0,0.0,mf_12b1,MONTH M05-2026 REVERSAL,RECURRING,REAL
SMPLTRD00027|1,SMPLTRD00027,1,SMPL001,202605,STRP|SYND,SMPLACCT-1101,2026-05-12 00:00:00,2026-05-13 00:00:00,11300,11300.0,1.0,0.0,0.0,None,0.0,0.0,0.0,twhs,SYNDICATE ALLOCATION,ONE_TIME,REAL
SMPLTRD00028|1,SMPLTRD00028,1,SMPL001,202605,STRP|SYND,SMPLACCT-1101,2026-05-13 00:00:00,2026-05-14 00:00:00,12200,12200.0,1.0,0.0,0.0,None,0.0,0.0,0.0,twhs,SYNDICATE ALLOCATION,ONE_TIME,REAL
SMPLTRD00029|1,SMPLTRD00029,1,SMPL001,202605,STRP|SYND,SMPLACCT-1101,2026-05-14 00:00:00,2026-05-15 00:00:00,13100,13100.0,1.0,0.0,0.0,None,0.0,0.0,0.0,twhs,SYNDICATE ALLOCATION,ONE_TIME,REAL
SMPLTRD00030|1,SMPLTRD00030,1,SMPL001,202605,EQ|COMM,SMPLACCT-1106,2026-05-03 00:00:00,2026-05-04 00:00:00,125.51,125.51,1.0,0.0,0.0,None,0.0,0.0,0.0,ace,EQUITY TRADE COMMISSION,RECURRING,REAL
SMPLTRD00031|1,SMPLTRD00031,1,SMPL001,202605,EQ|COMM,SMPLACCT-1107,2026-05-05 00:00:00,2026-05-06 00:00:00,119.73,119.73,1.0,0.0,0.0,None,0.0,0.0,0.0,ace,EQUITY TRADE COMMISSION,RECURRING,REAL
SMPLTRD00032|1,SMPLTRD00032,1,SMPL001,202605,EQ|COMM,SMPLACCT-1108,2026-05-07 00:00:00,2026-05-08 00:00:00,122.61,122.61,1.0,0.0,0.0,None,0.0,0.0,0.0,ace,EQUITY TRADE COMMISSION,RECURRING,REAL
SMPLTRD00033|1,SMPLTRD00033,1,SMPL001,202605,EQ|COMM,SMPLACCT-1106,2026-05-09 00:00:00,2026-05-10 00:00:00,131.62,131.62,1.0,0.0,0.0,None,0.0,0.0,0.0,ace,EQUITY TRADE COMMISSION,RECURRING,REAL
SMPLTRD00034|1,SMPLTRD00034,1,SMPL001,202605,EQ|COMM,SMPLACCT-1107,2026-05-11 00:00:00,2026-05-12 00:00:00,115.22,115.22,1.0,0.0,0.0,None,0.0,0.0,0.0,ace,EQUITY TRADE COMMISSION,RECURRING,REAL
SMPLTRD00035|1,SMPLTRD00035,1,SMPL001,202605,CASH|SWP,SMPLACCT-1108,2026-05-24 00:00:00,2026-05-25 00:00:00,1600,1600.0,1.0,18.0,18.0,None,0.0,0.0,1070000,money_mkt,MONTH M05-2026,RECURRING,REAL
SMPLTRD00036|1,SMPLTRD00036,1,SMPL001,202606,UMA|FEE,SMPLACCT-1101,2026-06-28 00:00:00,2026-06-28 00:00:00,6030.0,6030.0,1.0,82.0,82.0,None,0.0,0.0,0.0,ace,MONTH M06-2026,RECURRING,REAL
SMPLTRD00037|1,SMPLTRD00037,1,SMPL001,202606,UMA|FEE,SMPLACCT-1102,2026-06-28 00:00:00,2026-06-28 00:00:00,6160.0,6160.0,1.0,82.0,82.0,None,0.0,0.0,0.0,ace,MONTH M06-2026,RECURRING,REAL
SMPLTRD00038|1,SMPLTRD00038,1,SMPL001,202606,UMA|FEE,SMPLACCT-1103,2026-06-28 00:00:00,2026-06-28 00:00:00,6290.0,6290.0,1.0,82.0,82.0,None,0.0,0.0,0.0,ace,MONTH M06-2026,RECURRING,REAL
SMPLTRD00039|1,SMPLTRD00039,1,SMPL001,202606,UMA|FEE,SMPLACCT-1109,2026-06-28 00:00:00,2026-06-28 00:00:00,4450,4450.0,1.0,82.0,82.0,None,0.0,0.0,0.0,ace,MONTH M06-2026,RECURRING,REAL
SMPLTRD00040|1,SMPLTRD00040,1,SMPL001,202606,JPMCAP|FEE,SMPLACCT-1105,2026-06-27 00:00:00,2026-06-28 00:00:00,4000.0,4000.0,1.0,65.0,65.0,None,0.0,0.0,0.0,ace,MONTH M06-2026,RECURRING,REAL
SMPLTRD00041|1,SMPLTRD00041,1,SMPL001,202606,ADV|FEE,SMPLACCT-1106,2026-06-27 00:00:00,2026-06-28 00:00:00,3200.0,3200.0,1.0,58.0,58.0,None,0.0,0.0,0.0,ace,MONTH M06-2026,RECURRING,REAL
SMPLTRD00042|1,SMPLTRD00042,1,SMPL001,202606,MFT|12B1,SMPLACCT-1107,2026-06-25 00:00:00,2026-06-26 00:00:00,2150,2150.0,1.0,25.0,25.0,None,0.0,0.0,0.0,mf_12b1,MONTH M06-2026,RECURRING,REAL
SMPLTRD00043|1,SMPLTRD00043,1,SMPL001,202606,MFT|12B1,SMPLACCT-1107,2026-06-26 00:00:00,2026-06-27 00:00:00,-130,-130.0,1.0,25.0,25.0,None,0.0,0.0,0.0,mf_12b1,MONTH M06-2026 REVERSAL,RECURRING,REAL
SMPLTRD00044|1,SMPLTRD00044,1,SMPL001,202606,MFT|12B1,SMPLACCT-1107,2026-06-26 00:00:00,2026-06-27 00:00:00,-165,-165.0,1.0,25.0,25.0,None,0.0,0.0,0.0,mf_12b1,MONTH M06-2026 REVERSAL,RECURRING,REAL
SMPLTRD00045|1,SMPLTRD00045,1,SMPL001,202606,MFT|12B1,SMPLACCT-1107,2026-06-26 00:00:00,2026-06-27 00:00:00,-200,-200.0,1.0,25.0,25.0,None,0.0,0.0,0.0,mf_12b1,MONTH M06-2026 REVERSAL,RECURRING,REAL
SMPLTRD00046|1,SMPLTRD00046,1,SMPL001,202606,MFT|12B1,SMPLACCT-1107,2026-06-26 00:00:00,2026-06-27 00:00:00,-235,-235.0,1.0,25.0,25.0,None,0.0,0.0,0.0,mf_12b1,MONTH M06-2026 REVERSAL,RECURRING,REAL
SMPLTRD00047|1,SMPLTRD00047,1,SMPL001,202606,ALTS|QFEE,SMPLACCT-1102,2026-06-15 00:00:00,2026-06-16 00:00:00,7000,7000.0,1.0,120.0,120.0,None,0.0,0.0,0.0,ace,QUARTERLY BILLING M06-2026,RECURRING,REAL
SMPLTRD00048|1,SMPLTRD00048,1,SMPL001,202606,EQ|COMM,SMPLACCT-1106,2026-06-03 00:00:00,2026-06-04 00:00:00,148.5,148.5,1.0,0.0,0.0,None,0.0,0.0,0.0,ace,EQUITY TRADE COMMISSION,RECURRING,REAL
SMPLTRD00049|1,SMPLTRD00049,1,SMPL001,202606,EQ|COMM,SMPLACCT-1107,2026-06-05 00:00:00,2026-06-06 00:00:00,127.73,127.73,1.0,0.0,0.0,None,0.0,0.0,0.0,ace,EQUITY TRADE COMMISSION,RECURRING,REAL
SMPLTRD00050|1,SMPLTRD00050,1,SMPL001,202606,EQ|COMM,SMPLACCT-1108,2026-06-07 00:00:00,2026-06-08 00:00:00,128.63,128.63,1.0,0.0,0.0,None,0.0,0.0,0.0,ace,EQUITY TRADE COMMISSION,RECURRING,REAL
SMPLTRD00051|1,SMPLTRD00051,1,SMPL001,202606,EQ|COMM,SMPLACCT-1106,2026-06-09 00:00:00,2026-06-10 00:00:00,134.15,134.15,1.0,0.0,0.0,None,0.0,0.0,0.0,ace,EQUITY TRADE COMMISSION,RECURRING,REAL
SMPLTRD00052|1,SMPLTRD00052,1,SMPL001,202606,EQ|COMM,SMPLACCT-1107,2026-06-11 00:00:00,2026-06-12 00:00:00,163.47,163.47,1.0,0.0,0.0,None,0.0,0.0,0.0,ace,EQUITY TRADE COMMISSION,RECURRING,REAL
SMPLTRD00053|1,SMPLTRD00053,1,SMPL001,202606,EQ|COMM,SMPLACCT-1108,2026-06-13 00:00:00,2026-06-14 00:00:00,163.75,163.75,1.0,0.0,0.0,None,0.0,0.0,0.0,ace,EQUITY TRADE COMMISSION,RECURRING,REAL
SMPLTRD00054|1,SMPLTRD00054,1,SMPL001,202606,EQ|COMM,SMPLACCT-1106,2026-06-15 00:00:00,2026-06-16 00:00:00,117.39,117.39,1.0,0.0,0.0,None,0.0,0.0,0.0,ace,EQUITY TRADE COMMISSION,RECURRING,REAL
SMPLTRD00055|1,SMPLTRD00055,1,SMPL001,202606,EQ|COMM,SMPLACCT-1107,2026-06-17 00:00:00,2026-06-18 00:00:00,141.15,141.15,1.0,0.0,0.0,None,0.0,0.0,0.0,ace,EQUITY TRADE COMMISSION,RECURRING,REAL
SMPLTRD00056|1,SMPLTRD00056,1,SMPL001,202606,EQ|COMM,SMPLACCT-1108,2026-06-19 00:00:00,2026-06-20 00:00:00,136.52,136.52,1.0,0.0,0.0,None,0.0,0.0,0.0,ace,EQUITY TRADE COMMISSION,RECURRING,REAL
SMPLTRD00057|1,SMPLTRD00057,1,SMPL001,202606,EQ|COMM,SMPLACCT-1106,2026-06-21 00:00:00,2026-06-22 00:00:00,163.21,163.21,1.0,0.0,0.0,None,0.0,0.0,0.0,ace,EQUITY TRADE COMMISSION,RECURRING,REAL
SMPLTRD00058|1,SMPLTRD00058,1,SMPL001,202606,EQ|COMM,SMPLACCT-1107,2026-06-23 00:00:00,2026-06-24 00:00:00,152.64,152.64,1.0,0.0,0.0,None,0.0,0.0,0.0,ace,EQUITY TRADE COMMISSION,RECURRING,REAL
SMPLTRD00059|1,SMPLTRD00059,1,SMPL001,202606,CASH|SWP,SMPLACCT-1108,2026-06-24 00:00:00,2026-06-25 00:00:00,1600,1600.0,1.0,18.0,18.0,None,0.0,0.0,1070000,money_mkt,MONTH M06-2026,RECURRING,REAL
SMPLTRD00060|1,SMPLTRD00060,1,SMPL002,202604,UMA|FEE,SMPLACCT-2101,2026-04-28 00:00:00,2026-04-28 00:00:00,6730.0,8412.5,0.8,82.0,82.0,None,0.0,0.0,0.0,ace,MONTH M04-2026,RECURRING,REAL
SMPLTRD00061|1,SMPLTRD00061,1,SMPL002,202604,UMA|FEE,SMPLACCT-2102,2026-04-28 00:00:00,2026-04-28 00:00:00,6860.0,8575.0,0.8,82.0,82.0,None,0.0,0.0,0.0,ace,MONTH M04-2026,RECURRING,REAL
SMPLTRD00062|1,SMPLTRD00062,1,SMPL002,202604,UMA|FEE,SMPLACCT-2103,2026-04-28 00:00:00,2026-04-28 00:00:00,6990.0,8737.5,0.8,82.0,82.0,None,0.0,0.0,0.0,ace,MONTH M04-2026,RECURRING,REAL
SMPLTRD00063|1,SMPLTRD00063,1,SMPL002,202604,UMA|FEE,SMPLACCT-2104,2026-04-28 00:00:00,2026-04-28 00:00:00,7120.0,8900.0,0.8,82.0,82.0,None,0.0,0.0,0.0,ace,MONTH M04-2026,RECURRING,REAL
SMPLTRD00064|1,SMPLTRD00064,1,SMPL002,202604,JPMCAP|FEE,SMPLACCT-2105,2026-04-27 00:00:00,2026-04-28 00:00:00,4400.0,4400.0,1.0,65.0,65.0,None,0.0,0.0,0.0,ace,MONTH M04-2026,RECURRING,REAL
SMPLTRD00065|1,SMPLTRD00065,1,SMPL002,202604,ADV|FEE,SMPLACCT-2106,2026-04-27 00:00:00,2026-04-28 00:00:00,3500.0,3500.0,1.0,58.0,58.0,None,0.0,0.0,0.0,ace,MONTH M04-2026,RECURRING,REAL
SMPLTRD00066|1,SMPLTRD00066,1,SMPL002,202604,MFT|12B1,SMPLACCT-2107,2026-04-25 00:00:00,2026-04-26 00:00:00,2400,2400.0,1.0,25.0,25.0,None,0.0,0.0,0.0,mf_12b1,MONTH M04-2026,RECURRING,REAL
SMPLTRD00067|1,SMPLTRD00067,1,SMPL002,202604,MFT|12B1,SMPLACCT-2107,2026-04-26 00:00:00,2026-04-27 00:00:00,-140,-140.0,1.0,25.0,25.0,None,0.0,0.0,0.0,mf_12b1,MONTH M04-2026 REVERSAL,RECURRING,REAL
SMPLTRD00068|1,SMPLTRD00068,1,SMPL002,202604,MFT|12B1,SMPLACCT-2107,2026-04-26 00:00:00,2026-04-27 00:00:00,-175,-175.0,1.0,25.0,25.0,None,0.0,0.0,0.0,mf_12b1,MONTH M04-2026 REVERSAL,RECURRING,REAL
SMPLTRD00069|1,SMPLTRD00069,1,SMPL002,202604,ALTS|QFEE,SMPLACCT-2102,2026-04-15 00:00:00,2026-04-16 00:00:00,7800,7800.0,1.0,120.0,120.0,None,0.0,0.0,0.0,ace,QUARTERLY BILLING M04-2026,RECURRING,REAL
SMPLTRD00070|1,SMPLTRD00070,1,SMPL002,202604,EQ|COMM,SMPLACCT-2106,2026-04-03 00:00:00,2026-04-04 00:00:00,139.43,139.43,1.0,0.0,0.0,None,0.0,0.0,0.0,ace,EQUITY TRADE COMMISSION,RECURRING,REAL
SMPLTRD00071|1,SMPLTRD00071,1,SMPL002,202604,EQ|COMM,SMPLACCT-2107,2026-04-05 00:00:00,2026-04-06 00:00:00,126.12,126.12,1.0,0.0,0.0,None,0.0,0.0,0.0,ace,EQUITY TRADE COMMISSION,RECURRING,REAL
SMPLTRD00072|1,SMPLTRD00072,1,SMPL002,202604,EQ|COMM,SMPLACCT-2108,2026-04-07 00:00:00,2026-04-08 00:00:00,139.94,139.94,1.0,0.0,0.0,None,0.0,0.0,0.0,ace,EQUITY TRADE COMMISSION,RECURRING,REAL
SMPLTRD00073|1,SMPLTRD00073,1,SMPL002,202604,EQ|COMM,SMPLACCT-2106,2026-04-09 00:00:00,2026-04-10 00:00:00,159.68,159.68,1.0,0.0,0.0,None,0.0,0.0,0.0,ace,EQUITY TRADE COMMISSION,RECURRING,REAL
SMPLTRD00074|1,SMPLTRD00074,1,SMPL002,202604,EQ|COMM,SMPLACCT-2107,2026-04-11 00:00:00,2026-04-12 00:00:00,133.28,133.28,1.0,0.0,0.0,None,0.0,0.0,0.0,ace,EQUITY TRADE COMMISSION,RECURRING,REAL
SMPLTRD00075|1,SMPLTRD00075,1,SMPL002,202604,EQ|COMM,SMPLACCT-2108,2026-04-13 00:00:00,2026-04-14 00:00:00,160.84,160.84,1.0,0.0,0.0,None,0.0,0.0,0.0,ace,EQUITY TRADE COMMISSION,RECURRING,REAL
SMPLTRD00076|1,SMPLTRD00076,1,SMPL002,202604,EQ|COMM,SMPLACCT-2106,2026-04-15 00:00:00,2026-04-16 00:00:00,148.3,148.3,1.0,0.0,0.0,None,0.0,0.0,0.0,ace,EQUITY TRADE COMMISSION,RECURRING,REAL
SMPLTRD00077|1,SMPLTRD00077,1,SMPL002,202604,EQ|COMM,SMPLACCT-2107,2026-04-17 00:00:00,2026-04-18 00:00:00,133.37,133.37,1.0,0.0,0.0,None,0.0,0.0,0.0,ace,EQUITY TRADE COMMISSION,RECURRING,REAL
SMPLTRD00078|1,SMPLTRD00078,1,SMPL002,202604,EQ|COMM,SMPLACCT-2108,2026-04-19 00:00:00,2026-04-20 00:00:00,122.32,122.32,1.0,0.0,0.0,None,0.0,0.0,0.0,ace,EQUITY TRADE COMMISSION,RECURRING,REAL
SMPLTRD00079|1,SMPLTRD00079,1,SMPL002,202604,EQ|COMM,SMPLACCT-2106,2026-04-21 00:00:00,2026-04-22 00:00:00,122.95,122.95,1.0,0.0,0.0,None,0.0,0.0,0.0,ace,EQUITY TRADE COMMISSION,RECURRING,REAL
SMPLTRD00080|1,SMPLTRD00080,1,SMPL002,202604,CASH|SWP,SMPLACCT-2108,2026-04-24 00:00:00,2026-04-25 00:00:00,1750,1750.0,1.0,18.0,18.0,None,0.0,0.0,1190000,money_mkt,MONTH M04-2026,RECURRING,REAL
SMPLTRD00081|1,SMPLTRD00081,1,SMPL002,202605,UMA|FEE,SMPLACCT-2101,2026-05-28 00:00:00,2026-05-28 00:00:00,6424.09,8030.11,0.8,82.0,82.0,None,0.0,0.0,0.0,ace,MONTH M05-2026,RECURRING,REAL
SMPLTRD00082|1,SMPLTRD00082,1,SMPL002,202605,UMA|FEE,SMPLACCT-2102,2026-05-28 00:00:00,2026-05-28 00:00:00,6548.18,8185.23,0.8,82.0,82.0,None,0.0,0.0,0.0,ace,MONTH M05-2026,RECURRING,REAL
SMPLTRD00083|1,SMPLTRD00083,1,SMPL002,202605,UMA|FEE,SMPLACCT-2103,2026-05-28 00:00:00,2026-05-28 00:00:00,6672.27,8340.34,0.8,82.0,82.0,None,0.0,0.0,0.0,ace,MONTH M05-2026,RECURRING,REAL
SMPLTRD00084|1,SMPLTRD00084,1,SMPL002,202605,JPMCAP|FEE,SMPLACCT-2105,2026-05-27 00:00:00,2026-05-28 00:00:00,4200.0,4200.0,1.0,65.0,65.0,None,0.0,0.0,0.0,ace,MONTH M05-2026,RECURRING,REAL
SMPLTRD00085|1,SMPLTRD00085,1,SMPL002,202605,ADV|FEE,SMPLACCT-2106,2026-05-27 00:00:00,2026-05-28 00:00:00,3340.91,3340.91,1.0,58.0,58.0,None,0.0,0.0,0.0,ace,MONTH M05-2026,RECURRING,REAL
SMPLTRD00086|1,SMPLTRD00086,1,SMPL002,202605,MFT|12B1,SMPLACCT-2107,2026-05-25 00:00:00,2026-05-26 00:00:00,2400,2400.0,1.0,25.0,25.0,None,0.0,0.0,0.0,mf_12b1,MONTH M05-2026,RECURRING,REAL
SMPLTRD00087|1,SMPLTRD00087,1,SMPL002,202605,MFT|12B1,SMPLACCT-2107,2026-05-26 00:00:00,2026-05-27 00:00:00,-140,-140.0,1.0,25.0,25.0,None,0.0,0.0,0.0,mf_12b1,MONTH M05-2026 REVERSAL,RECURRING,REAL
SMPLTRD00088|1,SMPLTRD00088,1,SMPL002,202605,MFT|12B1,SMPLACCT-2107,2026-05-26 00:00:00,2026-05-27 00:00:00,-175,-175.0,1.0,25.0,25.0,None,0.0,0.0,0.0,mf_12b1,MONTH M05-2026 REVERSAL,RECURRING,REAL
SMPLTRD00089|1,SMPLTRD00089,1,SMPL002,202605,MFT|12B1,SMPLACCT-2107,2026-05-26 00:00:00,2026-05-27 00:00:00,-210,-210.0,1.0,25.0,25.0,None,0.0,0.0,0.0,mf_12b1,MONTH M05-2026 REVERSAL,RECURRING,REAL
SMPLTRD00090|1,SMPLTRD00090,1,SMPL002,202605,STRP|SYND,SMPLACCT-2101,2026-05-12 00:00:00,2026-05-13 00:00:00,12800,12800.0,1.0,0.0,0.0,None,0.0,0.0,0.0,twhs,SYNDICATE ALLOCATION,ONE_TIME,REAL
SMPLTRD00091|1,SMPLTRD00091,1,SMPL002,202605,STRP|SYND,SMPLACCT-2101,2026-05-13 00:00:00,2026-05-14 00:00:00,13700,13700.0,1.0,0.0,0.0,None,0.0,0.0,0.0,twhs,SYNDICATE ALLOCATION,ONE_TIME,REAL
SMPLTRD00092|1,SMPLTRD00092,1,SMPL002,202605,STRP|SYND,SMPLACCT-2101,2026-05-14 00:00:00,2026-05-15 00:00:00,14600,14600.0,1.0,0.0,0.0,None,0.0,0.0,0.0,twhs,SYNDICATE ALLOCATION,ONE_TIME,REAL
SMPLTRD00093|1,SMPLTRD00093,1,SMPL002,202605,EQ|COMM,SMPLACCT-2106,2026-05-03 00:00:00,2026-05-04 00:00:00,120.28,120.28,1.0,0.0,0.0,None,0.0,0.0,0.0,ace,EQUITY TRADE COMMISSION,RECURRING,REAL
SMPLTRD00094|1,SMPLTRD00094,1,SMPL002,202605,EQ|COMM,SMPLACCT-2107,2026-05-05 00:00:00,2026-05-06 00:00:00,145.74,145.74,1.0,0.0,0.0,None,0.0,0.0,0.0,ace,EQUITY TRADE COMMISSION,RECURRING,REAL
SMPLTRD00095|1,SMPLTRD00095,1,SMPL002,202605,EQ|COMM,SMPLACCT-2108,2026-05-07 00:00:00,2026-05-08 00:00:00,153.2,153.2,1.0,0.0,0.0,None,0.0,0.0,0.0,ace,EQUITY TRADE COMMISSION,RECURRING,REAL
SMPLTRD00096|1,SMPLTRD00096,1,SMPL002,202605,EQ|COMM,SMPLACCT-2106,2026-05-09 00:00:00,2026-05-10 00:00:00,151.96,151.96,1.0,0.0,0.0,None,0.0,0.0,0.0,ace,EQUITY TRADE COMMISSION,RECURRING,REAL
SMPLTRD00097|1,SMPLTRD00097,1,SMPL002,202605,EQ|COMM,SMPLACCT-2107,2026-05-11 00:00:00,2026-05-12 00:00:00,133.16,133.16,1.0,0.0,0.0,None,0.0,0.0,0.0,ace,EQUITY TRADE COMMISSION,RECURRING,REAL
SMPLTRD00098|1,SMPLTRD00098,1,SMPL002,202605,EQ|COMM,SMPLACCT-2108,2026-05-13 00:00:00,2026-05-14 00:00:00,141.14,141.14,1.0,0.0,0.0,None,0.0,0.0,0.0,ace,EQUITY TRADE COMMISSION,RECURRING,REAL
SMPLTRD00099|1,SMPLTRD00099,1,SMPL002,202605,EQ|COMM,SMPLACCT-2106,2026-05-15 00:00:00,2026-05-16 00:00:00,130.11,130.11,1.0,0.0,0.0,None,0.0,0.0,0.0,ace,EQUITY TRADE COMMISSION,RECURRING,REAL
SMPLTRD00100|1,SMPLTRD00100,1,SMPL002,202605,CASH|SWP,SMPLACCT-2108,2026-05-24 00:00:00,2026-05-25 00:00:00,1750,1750.0,1.0,18.0,18.0,None,0.0,0.0,1190000,money_mkt,MONTH M05-2026,RECURRING,REAL
SMPLTRD00101|1,SMPLTRD00101,1,SMPL002,202606,UMA|FEE,SMPLACCT-2101,2026-06-28 00:00:00,2026-06-28 00:00:00,7222.44,9028.05,0.8,88.0,88.0,None,0.0,0.0,0.0,ace,MONTH M06-2026,RECURRING,REAL
SMPLTRD00102|1,SMPLTRD00102,1,SMPL002,202606,UMA|FEE,SMPLACCT-2102,2026-06-28 00:00:00,2026-06-28 00:00:00,7361.95,9202.44,0.8,88.0,88.0,None,0.0,0.0,0.0,ace,MONTH M06-2026,RECURRING,REAL
SMPLTRD00103|1,SMPLTRD00103,1,SMPL002,202606,UMA|FEE,SMPLACCT-2103,2026-06-28 00:00:00,2026-06-28 00:00:00,7501.46,9376.82,0.8,88.0,88.0,None,0.0,0.0,0.0,ace,MONTH M06-2026,RECURRING,REAL
SMPLTRD00104|1,SMPLTRD00104,1,SMPL002,202606,UMA|FEE,SMPLACCT-2109,2026-06-28 00:00:00,2026-06-28 00:00:00,4800,4800.0,1.0,88.0,88.0,None,0.0,0.0,0.0,ace,MONTH M06-2026,RECURRING,REAL
SMPLTRD00105|1,SMPLTRD00105,1,SMPL002,202606,JPMCAP|FEE,SMPLACCT-2105,2026-06-27 00:00:00,2026-06-28 00:00:00,4400.0,4400.0,1.0,65.0,65.0,None,0.0,0.0,0.0,ace,MONTH M06-2026,RECURRING,REAL
SMPLTRD00106|1,SMPLTRD00106,1,SMPL002,202606,ADV|FEE,SMPLACCT-2106,2026-06-27 00:00:00,2026-06-28 00:00:00,3500.0,3500.0,1.0,58.0,58.0,None,0.0,0.0,0.0,ace,MONTH M06-2026,RECURRING,REAL
SMPLTRD00107|1,SMPLTRD00107,1,SMPL002,202606,MFT|12B1,SMPLACCT-2107,2026-06-25 00:00:00,2026-06-26 00:00:00,2400,2400.0,1.0,25.0,25.0,None,0.0,0.0,0.0,mf_12b1,MONTH M06-2026,RECURRING,REAL
SMPLTRD00108|1,SMPLTRD00108,1,SMPL002,202606,MFT|12B1,SMPLACCT-2107,2026-06-26 00:00:00,2026-06-27 00:00:00,-140,-140.0,1.0,25.0,25.0,None,0.0,0.0,0.0,mf_12b1,MONTH M06-2026 REVERSAL,RECURRING,REAL
SMPLTRD00109|1,SMPLTRD00109,1,SMPL002,202606,MFT|12B1,SMPLACCT-2107,2026-06-26 00:00:00,2026-06-27 00:00:00,-175,-175.0,1.0,25.0,25.0,None,0.0,0.0,0.0,mf_12b1,MONTH M06-2026 REVERSAL,RECURRING,REAL
SMPLTRD00110|1,SMPLTRD00110,1,SMPL002,202606,MFT|12B1,SMPLACCT-2107,2026-06-26 00:00:00,2026-06-27 00:00:00,-210,-210.0,1.0,25.0,25.0,None,0.0,0.0,0.0,mf_12b1,MONTH M06-2026 REVERSAL,RECURRING,REAL
SMPLTRD00111|1,SMPLTRD00111,1,SMPL002,202606,MFT|12B1,SMPLACCT-2107,2026-06-26 00:00:00,2026-06-27 00:00:00,-245,-245.0,1.0,25.0,25.0,None,0.0,0.0,0.0,mf_12b1,MONTH M06-2026 REVERSAL,RECURRING,REAL
SMPLTRD00112|1,SMPLTRD00112,1,SMPL002,202606,MFT|12B1,SMPLACCT-2107,2026-06-26 00:00:00,2026-06-27 00:00:00,-280,-280.0,1.0,25.0,25.0,None,0.0,0.0,0.0,mf_12b1,MONTH M06-2026 REVERSAL,RECURRING,REAL
SMPLTRD00113|1,SMPLTRD00113,1,SMPL002,202606,ALTS|QFEE,SMPLACCT-2102,2026-06-15 00:00:00,2026-06-16 00:00:00,7800,7800.0,1.0,120.0,120.0,None,0.0,0.0,0.0,ace,QUARTERLY BILLING M06-2026,RECURRING,REAL
SMPLTRD00114|1,SMPLTRD00114,1,SMPL002,202606,EQ|COMM,SMPLACCT-2106,2026-06-03 00:00:00,2026-06-04 00:00:00,148.96,148.96,1.0,0.0,0.0,None,0.0,0.0,0.0,ace,EQUITY TRADE COMMISSION,RECURRING,REAL
SMPLTRD00115|1,SMPLTRD00115,1,SMPL002,202606,EQ|COMM,SMPLACCT-2107,2026-06-05 00:00:00,2026-06-06 00:00:00,164.0,164.0,1.0,0.0,0.0,None,0.0,0.0,0.0,ace,EQUITY TRADE COMMISSION,RECURRING,REAL
SMPLTRD00116|1,SMPLTRD00116,1,SMPL002,202606,EQ|COMM,SMPLACCT-2108,2026-06-07 00:00:00,2026-06-08 00:00:00,145.33,145.33,1.0,0.0,0.0,None,0.0,0.0,0.0,ace,EQUITY TRADE COMMISSION,RECURRING,REAL
SMPLTRD00117|1,SMPLTRD00117,1,SMPL002,202606,EQ|COMM,SMPLACCT-2106,2026-06-09 00:00:00,2026-06-10 00:00:00,158.48,158.48,1.0,0.0,0.0,None,0.0,0.0,0.0,ace,EQUITY TRADE COMMISSION,RECURRING,REAL
SMPLTRD00118|1,SMPLTRD00118,1,SMPL002,202606,EQ|COMM,SMPLACCT-2107,2026-06-11 00:00:00,2026-06-12 00:00:00,160.86,160.86,1.0,0.0,0.0,None,0.0,0.0,0.0,ace,EQUITY TRADE COMMISSION,RECURRING,REAL
SMPLTRD00119|1,SMPLTRD00119,1,SMPL002,202606,EQ|COMM,SMPLACCT-2108,2026-06-13 00:00:00,2026-06-14 00:00:00,123.56,123.56,1.0,0.0,0.0,None,0.0,0.0,0.0,ace,EQUITY TRADE COMMISSION,RECURRING,REAL
SMPLTRD00120|1,SMPLTRD00120,1,SMPL002,202606,EQ|COMM,SMPLACCT-2106,2026-06-15 00:00:00,2026-06-16 00:00:00,121.96,121.96,1.0,0.0,0.0,None,0.0,0.0,0.0,ace,EQUITY TRADE COMMISSION,RECURRING,REAL
SMPLTRD00121|1,SMPLTRD00121,1,SMPL002,202606,EQ|COMM,SMPLACCT-2107,2026-06-17 00:00:00,2026-06-18 00:00:00,145.87,145.87,1.0,0.0,0.0,None,0.0,0.0,0.0,ace,EQUITY TRADE COMMISSION,RECURRING,REAL
SMPLTRD00122|1,SMPLTRD00122,1,SMPL002,202606,EQ|COMM,SMPLACCT-2108,2026-06-19 00:00:00,2026-06-20 00:00:00,134.38,134.38,1.0,0.0,0.0,None,0.0,0.0,0.0,ace,EQUITY TRADE COMMISSION,RECURRING,REAL
SMPLTRD00123|1,SMPLTRD00123,1,SMPL002,202606,EQ|COMM,SMPLACCT-2106,2026-06-21 00:00:00,2026-06-22 00:00:00,118.42,118.42,1.0,0.0,0.0,None,0.0,0.0,0.0,ace,EQUITY TRADE COMMISSION,RECURRING,REAL
SMPLTRD00124|1,SMPLTRD00124,1,SMPL002,202606,EQ|COMM,SMPLACCT-2107,2026-06-23 00:00:00,2026-06-24 00:00:00,121.18,121.18,1.0,0.0,0.0,None,0.0,0.0,0.0,ace,EQUITY TRADE COMMISSION,RECURRING,REAL
SMPLTRD00125|1,SMPLTRD00125,1,SMPL002,202606,EQ|COMM,SMPLACCT-2108,2026-06-25 00:00:00,2026-06-26 00:00:00,157.79,157.79,1.0,0.0,0.0,None,0.0,0.0,0.0,ace,EQUITY TRADE COMMISSION,RECURRING,REAL
SMPLTRD00126|1,SMPLTRD00126,1,SMPL002,202606,EQ|COMM,SMPLACCT-2106,2026-06-03 00:00:00,2026-06-04 00:00:00,143.62,143.62,1.0,0.0,0.0,None,0.0,0.0,0.0,ace,EQUITY TRADE COMMISSION,RECURRING,REAL
SMPLTRD00127|1,SMPLTRD00127,1,SMPL002,202606,CASH|SWP,SMPLACCT-2108,2026-06-24 00:00:00,2026-06-25 00:00:00,1750,1750.0,1.0,18.0,18.0,None,0.0,0.0,1190000,money_mkt,MONTH M06-2026,RECURRING,REAL
SMPLTRD00128|1,SMPLTRD00128,1,SMPL003,202604,UMA|FEE,SMPLACCT-3101,2026-04-28 00:00:00,2026-04-28 00:00:00,7430.0,7430.0,1.0,82.0,82.0,None,0.0,0.0,0.0,ace,MONTH M04-2026,RECURRING,REAL
SMPLTRD00129|1,SMPLTRD00129,1,SMPL003,202604,UMA|FEE,SMPLACCT-3102,2026-04-28 00:00:00,2026-04-28 00:00:00,7560.0,7560.0,1.0,82.0,82.0,None,0.0,0.0,0.0,ace,MONTH M04-2026,RECURRING,REAL
SMPLTRD00130|1,SMPLTRD00130,1,SMPL003,202604,UMA|FEE,SMPLACCT-3103,2026-04-28 00:00:00,2026-04-28 00:00:00,7690.0,7690.0,1.0,82.0,82.0,None,0.0,0.0,0.0,ace,MONTH M04-2026,RECURRING,REAL
SMPLTRD00131|1,SMPLTRD00131,1,SMPL003,202604,UMA|FEE,SMPLACCT-3104,2026-04-28 00:00:00,2026-04-28 00:00:00,7820.0,7820.0,1.0,82.0,82.0,None,0.0,0.0,0.0,ace,MONTH M04-2026,RECURRING,REAL
SMPLTRD00132|1,SMPLTRD00132,1,SMPL003,202604,JPMCAP|FEE,SMPLACCT-3105,2026-04-27 00:00:00,2026-04-28 00:00:00,4800.0,4800.0,1.0,65.0,65.0,None,0.0,0.0,0.0,ace,MONTH M04-2026,RECURRING,REAL
SMPLTRD00133|1,SMPLTRD00133,1,SMPL003,202604,ADV|FEE,SMPLACCT-3106,2026-04-27 00:00:00,2026-04-28 00:00:00,3800.0,3800.0,1.0,58.0,58.0,None,0.0,0.0,0.0,ace,MONTH M04-2026,RECURRING,REAL
SMPLTRD00134|1,SMPLTRD00134,1,SMPL003,202604,MFT|12B1,SMPLACCT-3107,2026-04-25 00:00:00,2026-04-26 00:00:00,2650,2650.0,1.0,25.0,25.0,None,0.0,0.0,0.0,mf_12b1,MONTH M04-2026,RECURRING,REAL
SMPLTRD00135|1,SMPLTRD00135,1,SMPL003,202604,MFT|12B1,SMPLACCT-3107,2026-04-26 00:00:00,2026-04-27 00:00:00,-150,-150.0,1.0,25.0,25.0,None,0.0,0.0,0.0,mf_12b1,MONTH M04-2026 REVERSAL,RECURRING,REAL
SMPLTRD00136|1,SMPLTRD00136,1,SMPL003,202604,MFT|12B1,SMPLACCT-3107,2026-04-26 00:00:00,2026-04-27 00:00:00,-185,-185.0,1.0,25.0,25.0,None,0.0,0.0,0.0,mf_12b1,MONTH M04-2026 REVERSAL,RECURRING,REAL
SMPLTRD00137|1,SMPLTRD00137,1,SMPL003,202604,MFT|12B1,SMPLACCT-3107,2026-04-26 00:00:00,2026-04-27 00:00:00,-220,-220.0,1.0,25.0,25.0,None,0.0,0.0,0.0,mf_12b1,MONTH M04-2026 REVERSAL,RECURRING,REAL
SMPLTRD00138|1,SMPLTRD00138,1,SMPL003,202604,ALTS|QFEE,SMPLACCT-3102,2026-04-15 00:00:00,2026-04-16 00:00:00,8600,8600.0,1.0,120.0,120.0,None,0.0,0.0,0.0,ace,QUARTERLY BILLING M04-2026,RECURRING,REAL
SMPLTRD00139|1,SMPLTRD00139,1,SMPL003,202604,EQ|COMM,SMPLACCT-3106,2026-04-03 00:00:00,2026-04-04 00:00:00,164.4,164.4,1.0,0.0,0.0,None,0.0,0.0,0.0,ace,EQUITY TRADE COMMISSION,RECURRING,REAL
SMPLTRD00140|1,SMPLTRD00140,1,SMPL003,202604,EQ|COMM,SMPLACCT-3107,2026-04-05 00:00:00,2026-04-06 00:00:00,148.81,148.81,1.0,0.0,0.0,None,0.0,0.0,0.0,ace,EQUITY TRADE COMMISSION,RECURRING,REAL
SMPLTRD00141|1,SMPLTRD00141,1,SMPL003,202604,EQ|COMM,SMPLACCT-3108,2026-04-07 00:00:00,2026-04-08 00:00:00,131.09,131.09,1.0,0.0,0.0,None,0.0,0.0,0.0,ace,EQUITY TRADE COMMISSION,RECURRING,REAL
SMPLTRD00142|1,SMPLTRD00142,1,SMPL003,202604,EQ|COMM,SMPLACCT-3106,2026-04-09 00:00:00,2026-04-10 00:00:00,134.45,134.45,1.0,0.0,0.0,None,0.0,0.0,0.0,ace,EQUITY TRADE COMMISSION,RECURRING,REAL
SMPLTRD00143|1,SMPLTRD00143,1,SMPL003,202604,EQ|COMM,SMPLACCT-3107,2026-04-11 00:00:00,2026-04-12 00:00:00,155.48,155.48,1.0,0.0,0.0,None,0.0,0.0,0.0,ace,EQUITY TRADE COMMISSION,RECURRING,REAL
SMPLTRD00144|1,SMPLTRD00144,1,SMPL003,202604,EQ|COMM,SMPLACCT-3108,2026-04-13 00:00:00,2026-04-14 00:00:00,133.77,133.77,1.0,0.0,0.0,None,0.0,0.0,0.0,ace,EQUITY TRADE COMMISSION,RECURRING,REAL
SMPLTRD00145|1,SMPLTRD00145,1,SMPL003,202604,EQ|COMM,SMPLACCT-3106,2026-04-15 00:00:00,2026-04-16 00:00:00,120.71,120.71,1.0,0.0,0.0,None,0.0,0.0,0.0,ace,EQUITY TRADE COMMISSION,RECURRING,REAL
SMPLTRD00146|1,SMPLTRD00146,1,SMPL003,202604,EQ|COMM,SMPLACCT-3107,2026-04-17 00:00:00,2026-04-18 00:00:00,118.12,118.12,1.0,0.0,0.0,None,0.0,0.0,0.0,ace,EQUITY TRADE COMMISSION,RECURRING,REAL
SMPLTRD00147|1,SMPLTRD00147,1,SMPL003,202604,EQ|COMM,SMPLACCT-3108,2026-04-19 00:00:00,2026-04-20 00:00:00,141.71,141.71,1.0,0.0,0.0,None,0.0,0.0,0.0,ace,EQUITY TRADE COMMISSION,RECURRING,REAL
SMPLTRD00148|1,SMPLTRD00148,1,SMPL003,202604,EQ|COMM,SMPLACCT-3106,2026-04-21 00:00:00,2026-04-22 00:00:00,138.93,138.93,1.0,0.0,0.0,None,0.0,0.0,0.0,ace,EQUITY TRADE COMMISSION,RECURRING,REAL
SMPLTRD00149|1,SMPLTRD00149,1,SMPL003,202604,EQ|COMM,SMPLACCT-3107,2026-04-23 00:00:00,2026-04-24 00:00:00,151.81,151.81,1.0,0.0,0.0,None,0.0,0.0,0.0,ace,EQUITY TRADE COMMISSION,RECURRING,REAL
SMPLTRD00150|1,SMPLTRD00150,1,SMPL003,202604,EQ|COMM,SMPLACCT-3108,2026-04-25 00:00:00,2026-04-26 00:00:00,130.39,130.39,1.0,0.0,0.0,None,0.0,0.0,0.0,ace,EQUITY TRADE COMMISSION,RECURRING,REAL
SMPLTRD00151|1,SMPLTRD00151,1,SMPL003,202604,CASH|SWP,SMPLACCT-3108,2026-04-24 00:00:00,2026-04-25 00:00:00,1900,1900.0,1.0,18.0,18.0,None,0.0,0.0,1310000,money_mkt,MONTH M04-2026,RECURRING,REAL
SMPLTRD00152|1,SMPLTRD00152,1,SMPL003,202604,ANNU|COMM,SMPLACCT-3104,2026-04-09 00:00:00,2026-04-10 00:00:00,7400.0,7400.0,1.0,0.0,0.0,None,0.0,0.0,0.0,l_a_ancomm,ANNUITY ISSUED CONTRACT SMPL-77,ONE_TIME,REAL
SMPLTRD00153|1,SMPLTRD00153,1,SMPL003,202605,UMA|FEE,SMPLACCT-3101,2026-05-28 00:00:00,2026-05-28 00:00:00,7092.27,7092.27,1.0,82.0,82.0,None,0.0,0.0,0.0,ace,MONTH M05-2026,RECURRING,REAL
SMPLTRD00154|1,SMPLTRD00154,1,SMPL003,202605,UMA|FEE,SMPLACCT-3102,2026-05-28 00:00:00,2026-05-28 00:00:00,7216.36,7216.36,1.0,82.0,82.0,None,0.0,0.0,0.0,ace,MONTH M05-2026,RECURRING,REAL
SMPLTRD00155|1,SMPLTRD00155,1,SMPL003,202605,UMA|FEE,SMPLACCT-3103,2026-05-28 00:00:00,2026-05-28 00:00:00,7340.45,7340.45,1.0,82.0,82.0,None,0.0,0.0,0.0,ace,MONTH M05-2026,RECURRING,REAL
SMPLTRD00156|1,SMPLTRD00156,1,SMPL003,202605,JPMCAP|FEE,SMPLACCT-3105,2026-05-27 00:00:00,2026-05-28 00:00:00,4581.82,4581.82,1.0,65.0,65.0,None,0.0,0.0,0.0,ace,MONTH M05-2026,RECURRING,REAL
SMPLTRD00157|1,SMPLTRD00157,1,SMPL003,202605,ADV|FEE,SMPLACCT-3106,2026-05-27 00:00:00,2026-05-28 00:00:00,3627.27,3627.27,1.0,58.0,58.0,None,0.0,0.0,0.0,ace,MONTH M05-2026,RECURRING,REAL
SMPLTRD00158|1,SMPLTRD00158,1,SMPL003,202605,MFT|12B1,SMPLACCT-3107,2026-05-25 00:00:00,2026-05-26 00:00:00,2650,2650.0,1.0,25.0,25.0,None,0.0,0.0,0.0,mf_12b1,MONTH M05-2026,RECURRING,REAL
SMPLTRD00159|1,SMPLTRD00159,1,SMPL003,202605,MFT|12B1,SMPLACCT-3107,2026-05-26 00:00:00,2026-05-27 00:00:00,-150,-150.0,1.0,25.0,25.0,None,0.0,0.0,0.0,mf_12b1,MONTH M05-2026 REVERSAL,RECURRING,REAL
SMPLTRD00160|1,SMPLTRD00160,1,SMPL003,202605,MFT|12B1,SMPLACCT-3107,2026-05-26 00:00:00,2026-05-27 00:00:00,-185,-185.0,1.0,25.0,25.0,None,0.0,0.0,0.0,mf_12b1,MONTH M05-2026 REVERSAL,RECURRING,REAL
SMPLTRD00161|1,SMPLTRD00161,1,SMPL003,202605,MFT|12B1,SMPLACCT-3107,2026-05-26 00:00:00,2026-05-27 00:00:00,-220,-220.0,1.0,25.0,25.0,None,0.0,0.0,0.0,mf_12b1,MONTH M05-2026 REVERSAL,RECURRING,REAL
SMPLTRD00162|1,SMPLTRD00162,1,SMPL003,202605,MFT|12B1,SMPLACCT-3107,2026-05-26 00:00:00,2026-05-27 00:00:00,-255,-255.0,1.0,25.0,25.0,None,0.0,0.0,0.0,mf_12b1,MONTH M05-2026 REVERSAL,RECURRING,REAL
SMPLTRD00163|1,SMPLTRD00163,1,SMPL003,202605,STRP|SYND,SMPLACCT-3101,2026-05-12 00:00:00,2026-05-13 00:00:00,14300,14300.0,1.0,0.0,0.0,None,0.0,0.0,0.0,twhs,SYNDICATE ALLOCATION,ONE_TIME,REAL
SMPLTRD00164|1,SMPLTRD00164,1,SMPL003,202605,STRP|SYND,SMPLACCT-3101,2026-05-13 00:00:00,2026-05-14 00:00:00,15200,15200.0,1.0,0.0,0.0,None,0.0,0.0,0.0,twhs,SYNDICATE ALLOCATION,ONE_TIME,REAL
SMPLTRD00165|1,SMPLTRD00165,1,SMPL003,202605,STRP|SYND,SMPLACCT-3101,2026-05-14 00:00:00,2026-05-15 00:00:00,16100,16100.0,1.0,0.0,0.0,None,0.0,0.0,0.0,twhs,SYNDICATE ALLOCATION,ONE_TIME,REAL
SMPLTRD00166|1,SMPLTRD00166,1,SMPL003,202605,EQ|COMM,SMPLACCT-3106,2026-05-03 00:00:00,2026-05-04 00:00:00,150.73,150.73,1.0,0.0,0.0,None,0.0,0.0,0.0,ace,EQUITY TRADE COMMISSION,RECURRING,REAL
SMPLTRD00167|1,SMPLTRD00167,1,SMPL003,202605,EQ|COMM,SMPLACCT-3107,2026-05-05 00:00:00,2026-05-06 00:00:00,138.1,138.1,1.0,0.0,0.0,None,0.0,0.0,0.0,ace,EQUITY TRADE COMMISSION,RECURRING,REAL
SMPLTRD00168|1,SMPLTRD00168,1,SMPL003,202605,EQ|COMM,SMPLACCT-3108,2026-05-07 00:00:00,2026-05-08 00:00:00,147.13,147.13,1.0,0.0,0.0,None,0.0,0.0,0.0,ace,EQUITY TRADE COMMISSION,RECURRING,REAL
SMPLTRD00169|1,SMPLTRD00169,1,SMPL003,202605,EQ|COMM,SMPLACCT-3106,2026-05-09 00:00:00,2026-05-10 00:00:00,152.18,152.18,1.0,0.0,0.0,None,0.0,0.0,0.0,ace,EQUITY TRADE COMMISSION,RECURRING,REAL
SMPLTRD00170|1,SMPLTRD00170,1,SMPL003,202605,EQ|COMM,SMPLACCT-3107,2026-05-11 00:00:00,2026-05-12 00:00:00,150.98,150.98,1.0,0.0,0.0,None,0.0,0.0,0.0,ace,EQUITY TRADE COMMISSION,RECURRING,REAL
SMPLTRD00171|1,SMPLTRD00171,1,SMPL003,202605,EQ|COMM,SMPLACCT-3108,2026-05-13 00:00:00,2026-05-14 00:00:00,154.22,154.22,1.0,0.0,0.0,None,0.0,0.0,0.0,ace,EQUITY TRADE COMMISSION,RECURRING,REAL
SMPLTRD00172|1,SMPLTRD00172,1,SMPL003,202605,EQ|COMM,SMPLACCT-3106,2026-05-15 00:00:00,2026-05-16 00:00:00,125.85,125.85,1.0,0.0,0.0,None,0.0,0.0,0.0,ace,EQUITY TRADE COMMISSION,RECURRING,REAL
SMPLTRD00173|1,SMPLTRD00173,1,SMPL003,202605,EQ|COMM,SMPLACCT-3107,2026-05-17 00:00:00,2026-05-18 00:00:00,144.58,144.58,1.0,0.0,0.0,None,0.0,0.0,0.0,ace,EQUITY TRADE COMMISSION,RECURRING,REAL
SMPLTRD00174|1,SMPLTRD00174,1,SMPL003,202605,EQ|COMM,SMPLACCT-3108,2026-05-19 00:00:00,2026-05-20 00:00:00,153.02,153.02,1.0,0.0,0.0,None,0.0,0.0,0.0,ace,EQUITY TRADE COMMISSION,RECURRING,REAL
SMPLTRD00175|1,SMPLTRD00175,1,SMPL003,202605,CASH|SWP,SMPLACCT-3108,2026-05-24 00:00:00,2026-05-25 00:00:00,1900,1900.0,1.0,18.0,18.0,None,0.0,0.0,1310000,money_mkt,MONTH M05-2026,RECURRING,REAL
SMPLTRD00176|1,SMPLTRD00176,1,SMPL003,202606,UMA|FEE,SMPLACCT-3101,2026-06-28 00:00:00,2026-06-28 00:00:00,6538.4,6538.4,1.0,82.0,82.0,Discount,891.6,12.0,0.0,ace,MONTH M06-2026,RECURRING,REAL
SMPLTRD00177|1,SMPLTRD00177,1,SMPL003,202606,UMA|FEE,SMPLACCT-3102,2026-06-28 00:00:00,2026-06-28 00:00:00,6652.8,6652.8,1.0,82.0,82.0,Discount,907.2,12.0,0.0,ace,MONTH M06-2026,RECURRING,REAL
SMPLTRD00178|1,SMPLTRD00178,1,SMPL003,202606,UMA|FEE,SMPLACCT-3103,2026-06-28 00:00:00,2026-06-28 00:00:00,7690.0,7690.0,1.0,82.0,82.0,None,0.0,0.0,0.0,ace,MONTH M06-2026,RECURRING,REAL
SMPLTRD00179|1,SMPLTRD00179,1,SMPL003,202606,UMA|FEE,SMPLACCT-3109,2026-06-28 00:00:00,2026-06-28 00:00:00,5150,5150.0,1.0,82.0,82.0,None,0.0,0.0,0.0,ace,MONTH M06-2026,RECURRING,REAL
SMPLTRD00180|1,SMPLTRD00180,1,SMPL003,202606,JPMCAP|FEE,SMPLACCT-3105,2026-06-27 00:00:00,2026-06-28 00:00:00,4800.0,4800.0,1.0,65.0,65.0,None,0.0,0.0,0.0,ace,MONTH M06-2026,RECURRING,REAL
SMPLTRD00181|1,SMPLTRD00181,1,SMPL003,202606,ADV|FEE,SMPLACCT-3106,2026-06-27 00:00:00,2026-06-28 00:00:00,3800.0,3800.0,1.0,58.0,58.0,None,0.0,0.0,0.0,ace,MONTH M06-2026,RECURRING,REAL
SMPLTRD00182|1,SMPLTRD00182,1,SMPL003,202606,MFT|12B1,SMPLACCT-3107,2026-06-25 00:00:00,2026-06-26 00:00:00,2650,2650.0,1.0,25.0,25.0,None,0.0,0.0,0.0,mf_12b1,MONTH M06-2026,RECURRING,REAL
SMPLTRD00183|1,SMPLTRD00183,1,SMPL003,202606,MFT|12B1,SMPLACCT-3107,2026-06-26 00:00:00,2026-06-27 00:00:00,-150,-150.0,1.0,25.0,25.0,None,0.0,0.0,0.0,mf_12b1,MONTH M06-2026 REVERSAL,RECURRING,REAL
SMPLTRD00184|1,SMPLTRD00184,1,SMPL003,202606,MFT|12B1,SMPLACCT-3107,2026-06-26 00:00:00,2026-06-27 00:00:00,-185,-185.0,1.0,25.0,25.0,None,0.0,0.0,0.0,mf_12b1,MONTH M06-2026 REVERSAL,RECURRING,REAL
SMPLTRD00185|1,SMPLTRD00185,1,SMPL003,202606,MFT|12B1,SMPLACCT-3107,2026-06-26 00:00:00,2026-06-27 00:00:00,-220,-220.0,1.0,25.0,25.0,None,0.0,0.0,0.0,mf_12b1,MONTH M06-2026 REVERSAL,RECURRING,REAL
SMPLTRD00186|1,SMPLTRD00186,1,SMPL003,202606,MFT|12B1,SMPLACCT-3107,2026-06-26 00:00:00,2026-06-27 00:00:00,-255,-255.0,1.0,25.0,25.0,None,0.0,0.0,0.0,mf_12b1,MONTH M06-2026 REVERSAL,RECURRING,REAL
SMPLTRD00187|1,SMPLTRD00187,1,SMPL003,202606,MFT|12B1,SMPLACCT-3107,2026-06-26 00:00:00,2026-06-27 00:00:00,-290,-290.0,1.0,25.0,25.0,None,0.0,0.0,0.0,mf_12b1,MONTH M06-2026 REVERSAL,RECURRING,REAL
SMPLTRD00188|1,SMPLTRD00188,1,SMPL003,202606,MFT|12B1,SMPLACCT-3107,2026-06-26 00:00:00,2026-06-27 00:00:00,-325,-325.0,1.0,25.0,25.0,None,0.0,0.0,0.0,mf_12b1,MONTH M06-2026 REVERSAL,RECURRING,REAL
SMPLTRD00189|1,SMPLTRD00189,1,SMPL003,202606,ALTS|QFEE,SMPLACCT-3102,2026-06-15 00:00:00,2026-06-16 00:00:00,8600,8600.0,1.0,120.0,120.0,None,0.0,0.0,0.0,ace,QUARTERLY BILLING M06-2026,RECURRING,REAL
SMPLTRD00190|1,SMPLTRD00190,1,SMPL003,202606,EQ|COMM,SMPLACCT-3106,2026-06-03 00:00:00,2026-06-04 00:00:00,150.39,150.39,1.0,0.0,0.0,None,0.0,0.0,0.0,ace,EQUITY TRADE COMMISSION,RECURRING,REAL
SMPLTRD00191|1,SMPLTRD00191,1,SMPL003,202606,EQ|COMM,SMPLACCT-3107,2026-06-05 00:00:00,2026-06-06 00:00:00,124.96,124.96,1.0,0.0,0.0,None,0.0,0.0,0.0,ace,EQUITY TRADE COMMISSION,RECURRING,REAL
SMPLTRD00192|1,SMPLTRD00192,1,SMPL003,202606,EQ|COMM,SMPLACCT-3108,2026-06-07 00:00:00,2026-06-08 00:00:00,162.99,162.99,1.0,0.0,0.0,None,0.0,0.0,0.0,ace,EQUITY TRADE COMMISSION,RECURRING,REAL
SMPLTRD00193|1,SMPLTRD00193,1,SMPL003,202606,EQ|COMM,SMPLACCT-3106,2026-06-09 00:00:00,2026-06-10 00:00:00,121.61,121.61,1.0,0.0,0.0,None,0.0,0.0,0.0,ace,EQUITY TRADE COMMISSION,RECURRING,REAL
SMPLTRD00194|1,SMPLTRD00194,1,SMPL003,202606,EQ|COMM,SMPLACCT-3107,2026-06-11 00:00:00,2026-06-12 00:00:00,142.51,142.51,1.0,0.0,0.0,None,0.0,0.0,0.0,ace,EQUITY TRADE COMMISSION,RECURRING,REAL
SMPLTRD00195|1,SMPLTRD00195,1,SMPL003,202606,EQ|COMM,SMPLACCT-3108,2026-06-13 00:00:00,2026-06-14 00:00:00,123.2,123.2,1.0,0.0,0.0,None,0.0,0.0,0.0,ace,EQUITY TRADE COMMISSION,RECURRING,REAL
SMPLTRD00196|1,SMPLTRD00196,1,SMPL003,202606,EQ|COMM,SMPLACCT-3106,2026-06-15 00:00:00,2026-06-16 00:00:00,146.11,146.11,1.0,0.0,0.0,None,0.0,0.0,0.0,ace,EQUITY TRADE COMMISSION,RECURRING,REAL
SMPLTRD00197|1,SMPLTRD00197,1,SMPL003,202606,EQ|COMM,SMPLACCT-3107,2026-06-17 00:00:00,2026-06-18 00:00:00,130.06,130.06,1.0,0.0,0.0,None,0.0,0.0,0.0,ace,EQUITY TRADE COMMISSION,RECURRING,REAL
SMPLTRD00198|1,SMPLTRD00198,1,SMPL003,202606,EQ|COMM,SMPLACCT-3108,2026-06-19 00:00:00,2026-06-20 00:00:00,128.06,128.06,1.0,0.0,0.0,None,0.0,0.0,0.0,ace,EQUITY TRADE COMMISSION,RECURRING,REAL
SMPLTRD00199|1,SMPLTRD00199,1,SMPL003,202606,EQ|COMM,SMPLACCT-3106,2026-06-21 00:00:00,2026-06-22 00:00:00,137.6,137.6,1.0,0.0,0.0,None,0.0,0.0,0.0,ace,EQUITY TRADE COMMISSION,RECURRING,REAL
SMPLTRD00200|1,SMPLTRD00200,1,SMPL003,202606,EQ|COMM,SMPLACCT-3107,2026-06-23 00:00:00,2026-06-24 00:00:00,158.39,158.39,1.0,0.0,0.0,None,0.0,0.0,0.0,ace,EQUITY TRADE COMMISSION,RECURRING,REAL
SMPLTRD00201|1,SMPLTRD00201,1,SMPL003,202606,EQ|COMM,SMPLACCT-3108,2026-06-25 00:00:00,2026-06-26 00:00:00,134.38,134.38,1.0,0.0,0.0,None,0.0,0.0,0.0,ace,EQUITY TRADE COMMISSION,RECURRING,REAL
SMPLTRD00202|1,SMPLTRD00202,1,SMPL003,202606,EQ|COMM,SMPLACCT-3106,2026-06-03 00:00:00,2026-06-04 00:00:00,144.72,144.72,1.0,0.0,0.0,None,0.0,0.0,0.0,ace,EQUITY TRADE COMMISSION,RECURRING,REAL
SMPLTRD00203|1,SMPLTRD00203,1,SMPL003,202606,EQ|COMM,SMPLACCT-3107,2026-06-05 00:00:00,2026-06-06 00:00:00,126.68,126.68,1.0,0.0,0.0,None,0.0,0.0,0.0,ace,EQUITY TRADE COMMISSION,RECURRING,REAL
SMPLTRD00204|1,SMPLTRD00204,1,SMPL003,202606,EQ|COMM,SMPLACCT-3108,2026-06-07 00:00:00,2026-06-08 00:00:00,124.02,124.02,1.0,0.0,0.0,None,0.0,0.0,0.0,ace,EQUITY TRADE COMMISSION,RECURRING,REAL
SMPLTRD00205|1,SMPLTRD00205,1,SMPL003,202606,CASH|SWP,SMPLACCT-3108,2026-06-24 00:00:00,2026-06-25 00:00:00,1900,1900.0,1.0,18.0,18.0,None,0.0,0.0,1310000,money_mkt,MONTH M06-2026,RECURRING,REAL
